Workbook

Sheet chart
A1: id | B1: name | C1: description | D1: parent_id | E1: staff_department | F1: manager_id | G1: DATA_Location
A2: 1 | B2: ប្រធ.គណៈកម្មការគ្រប់គ្រងវិទ្យាស្ថាន | E2: N | F2: =INDEX(people!$A$2:$A$300, MATCH(G2,people!$C$2:$C$300, 0)) -> 1680300332 | G2: សេង ស៊ីម
A3: 2 | B3: អនុប្រធ.គណៈកម្មការគ្រប់គ្រងវិទ្យាស្ថាន | D3: =A2 -> 1 | E3: N | F3: =INDEX(people!$A$2:$A$300, MATCH(G3,people!$C$2:$C$300, 0)) -> 1680800830 | G3: ព្រំ បូរ៉ាត
A4: 3 | B4: អនុប្រធ.គណៈកម្មការគ្រប់គ្រងវិទ្យាស្ថាន | D4: =A2 -> 1 | E4: N | F4: =INDEX(people!$A$2:$A$300, MATCH(G4,people!$C$2:$C$300, 0)) -> ​​​​​​​​​​​​​​​​​​​​​​​​​​​​​​​​​​​1740600213 | G4: តាយ ណារិន
A5: 4 | B5: សមាជិកគណៈកម្មការគ្រប់គ្រងវិទ្យាស្ថាន | D5: =$A$3 -> 2 | E5: Y | F5: =INDEX(people!$A$2:$A$300, MATCH(G5,people!$C$2:$C$300, 0)) -> 2690300192 | G5: ស៊ឹម ស៊ីណាត
A6: 5 | B6: សមាជិកគណៈកម្មការគ្រប់គ្រងវិទ្យាស្ថាន | D6: =$A$3 -> 2 | E6: Y | F6: =INDEX(people!$A$2:$A$300, MATCH(G6,people!$C$2:$C$300, 0)) -> 1710300275 | G6: អ៊ុំ កេងម៉េង
A7: 6 | B7: សមាជិកគណៈកម្មការគ្រប់គ្រងវិទ្យាស្ថាន | D7: =$A$3 -> 2 | E7: Y | F7: =INDEX(people!$A$2:$A$300, MATCH(G7,people!$C$2:$C$300, 0)) -> 1931000087 | G7: កាក់ រតនា
A8: 7 | B8: សមាជិកគណៈកម្មការគ្រប់គ្រងវិទ្យាស្ថាន | D8: =$A$4 -> 3 | E8: Y | F8: =INDEX(people!$A$2:$A$300, MATCH(G8,people!$C$2:$C$300, 0)) -> 1800800450 | G8: ព្រហ្ម មុន្នី
A9: 8 | B9: សមាជិកគណៈកម្មការគ្រប់គ្រងវិទ្យាស្ថាន | D9: =$A$4 -> 3 | E9: Y | F9: =INDEX(people!$A$2:$A$300, MATCH(G9,people!$C$2:$C$300, 0)) -> 1800300408 | G9: ឡុង សុវ៉ាង
A10: 9 | B10: សមាជិកគណៈកម្មការគ្រប់គ្រងវិទ្យាស្ថាន | D10: =$A$4 -> 3 | E10: Y | F10: =INDEX(people!$A$2:$A$300, MATCH(G10,people!$C$2:$C$300, 0)) -> 1900300145 | G10: ម៉ៅ កុសល
A11: 10 | B11: សមាជិកគណៈកម្មការគ្រប់គ្រងវិទ្យាស្ថាន | D11: =$A$4 -> 3 | E11: Y | F11: =INDEX(people!$A$2:$A$300, MATCH(G11,people!$C$2:$C$300, 0)) -> 2880300262 | G11: រុន វួចនា
A12: 11 | B12: នាយក​សាលា​បឋម​អនុវត្តន៍ | D12: =A3 -> 2 | E12: N | F12: =INDEX(people!$A$2:$A$300, MATCH(G12,people!$C$2:$C$300, 0)) -> 1720300297 | G12: បេង ហេង
A13: 12 | B13: នាយិការង​សាលា​បឋម​អនុវត្តន៍ | D13: =A12 -> 11 | E13: N | F13: =INDEX(people!$A$2:$A$300, MATCH(G13,people!$C$2:$C$300, 0)) -> 2740300117 | G13: សន សុម៉ាលី
A14: 13 | B14: លេខាធិការ | D14: =$A$13 -> 12 | E14: N | F14: =INDEX(people!$A$2:$A$300, MATCH(G14,people!$C$2:$C$300, 0)) -> 1680300329 | G14: សួង សុគន្ធា
A15: 14 | B15: គណនេយ្យ | D15: =$A$14 -> 13 | E15: N | F15: =INDEX(people!$A$2:$A$300, MATCH(G15,people!$C$2:$C$300, 0)) -> 2940300006 | G15: លី វណ្ណនីដា
A16: 15 | B16: បណ្ណរក្ស | D16: =$A$14 -> 13 | E16: N | F16: =INDEX(people!$A$2:$A$300, MATCH(G16,people!$C$2:$C$300, 0)) -> 2760300055 | G16: ម៉ន សុឃា
A17: 16 | B17: រោងជាង | D17: =$A$14 -> 13 | E17: N | F17: =INDEX(people!$A$2:$A$300, MATCH(G17,people!$C$2:$C$300, 0)) -> 1850300039 | G17: សាត សំអាត
A18: 17 | B18: បំណិនជីវិត | D18: =$A$14 -> 13 | E18: N | F18: =INDEX(people!$A$2:$A$300, MATCH(G18,people!$C$2:$C$300, 0)) -> 1750300287 | G18: ណោ រ៉ា
A19: 18 | B19: ប្រឹក្សាគរុកោសល្យ | D19: =$A$14 -> 13 | E19: N | F19: =INDEX(people!$A$2:$A$300, MATCH(G19,people!$C$2:$C$300, 0)) -> 2910300192 | G19: ខុន ធារី
A20: 19 | B20: ប្រឹក្សាគរុកោសល្យ | D20: =$A$14 -> 13 | E20: N | F20: =INDEX(people!$A$2:$A$300, MATCH(G20,people!$C$2:$C$300, 0)) -> 2980300044 | G20: ម៉ៅ ស្រីណេត
A21: 20 | B21: គ្រូបឋមសិក្សា | D21: =$A$13 -> 12 | E21: N | F21: =INDEX(people!$A$2:$A$300, MATCH(G21,people!$C$2:$C$300, 0)) -> 2780300025 | G21: ហ៊ៅ គីមណៃ
A22: 21 | B22: គ្រូបឋមសិក្សា | D22: =$A$21 -> 20 | E22: N | F22: =INDEX(people!$A$2:$A$300, MATCH(G22,people!$C$2:$C$300, 0)) -> 2980300142 | G22: ឈីន បូណាវត្តី
A23: 22 | B23: គ្រូបឋមសិក្សា | D23: =$A$21 -> 20 | E23: N | F23: =INDEX(people!$A$2:$A$300, MATCH(G23,people!$C$2:$C$300, 0)) -> 2820300159 | G23: ទន់ សុគន្ធា
A24: 23 | B24: គ្រូបឋមសិក្សា | D24: =$A$21 -> 20 | E24: N | F24: =INDEX(people!$A$2:$A$300, MATCH(G24,people!$C$2:$C$300, 0)) -> 2860300021 | G24: សេង​ ​ សុផា
A25: 24 | B25: គ្រូបឋមសិក្សា | D25: =$A$21 -> 20 | E25: N | F25: =INDEX(people!$A$2:$A$300, MATCH(G25,people!$C$2:$C$300, 0)) -> 1870300055 | G25: ចុង ហ្វីនី
A26: 25 | B26: គ្រូបឋមសិក្សា | D26: =$A$21 -> 20 | E26: N | F26: =INDEX(people!$A$2:$A$300, MATCH(G26,people!$C$2:$C$300, 0)) -> 1960300052 | G26: យ៉េន បញ្ញា
A27: 26 | B27: គ្រូបឋមសិក្សា | D27: =$A$21 -> 20 | E27: N | F27: =INDEX(people!$A$2:$A$300, MATCH(G27,people!$C$2:$C$300, 0)) -> 2960300120 | G27: សន សុខឡៃ
A28: 27 | B28: គ្រូបឋមសិក្សា | D28: =$A$21 -> 20 | E28: N | F28: =INDEX(people!$A$2:$A$300, MATCH(G28,people!$C$2:$C$300, 0)) -> 1930300052 | G28: មាស រ៉ាដូ
A29: 28 | B29: គ្រូបឋមសិក្សា | D29: =$A$21 -> 20 | E29: N | F29: =INDEX(people!$A$2:$A$300, MATCH(G29,people!$C$2:$C$300, 0)) -> 2981400029 | G29: ម៉ង់ ចាន់ស៊ាងម៉ី
A30: 29 | B30: គ្រូបឋមសិក្សា | D30: =$A$21 -> 20 | E30: N | F30: =INDEX(people!$A$2:$A$300, MATCH(G30,people!$C$2:$C$300, 0)) -> 2960300101 | G30: ហាក់ សុវណ្ណរ៉ា
A31: 30 | B31: គ្រូបឋមសិក្សា | D31: =$A$21 -> 20 | E31: N | F31: =INDEX(people!$A$2:$A$300, MATCH(G31,people!$C$2:$C$300, 0)) -> 1980300018 | G31: គង់ ណាវីន
A32: 31 | B32: គ្រូកិច្ចសន្យា NGS | D32: =A13 -> 12 | E32: N | F32: =INDEX(people!$A$2:$A$300, MATCH(G32,people!$C$2:$C$300, 0)) -> 2980300154 | G32: មឿន ស៊ីណា
A33: 32 | B33: គ្រូកិច្ចសន្យា NGS | D33: =$A$32 -> 31 | E33: N | F33: =INDEX(people!$A$2:$A$300, MATCH(G33,people!$C$2:$C$300, 0)) -> 2020300019 | G33: ម៉ុន សុខចេង
A34: 33 | B34: គ្រូកិច្ចសន្យា NGS | D34: =$A$32 -> 31 | E34: N | F34: =INDEX(people!$A$2:$A$300, MATCH(G34,people!$C$2:$C$300, 0)) -> 2034800003 | G34: ផៃ ស្រីណុច
A35: 34 | B35: គ្រូកិច្ចសន្យា NGS | D35: =$A$32 -> 31 | E35: N | F35: =INDEX(people!$A$2:$A$300, MATCH(G35,people!$C$2:$C$300, 0)) -> 2980300083 | G35: ភាព រចនា
A36: 35 | B36: គ្រូកិច្ចសន្យា NGS | D36: =$A$32 -> 31 | E36: N | F36: =INDEX(people!$A$2:$A$300, MATCH(G36,people!$C$2:$C$300, 0)) -> 1020300008 | G36: ចាន់ ថាភិរម្យ
A37: 36 | B37: គ្រូកិច្ចសន្យា NGS | D37: =$A$32 -> 31 | E37: N | F37: =INDEX(people!$A$2:$A$300, MATCH(G37,people!$C$2:$C$300, 0)) -> 2980300081 | G37: ម៉ាន់ ស្រីកែវ
A38: 37 | B38: ប្រធ.​ការិយាល័យរដ្ឋបាល និងធនធានមនុស្ស | D38: =A3 -> 2 | E38: N | F38: =INDEX(people!$A$2:$A$300, MATCH(G38,people!$C$2:$C$300, 0)) -> 2680300182 | G38: សឹង ហ៊ីណារិន
A39: 38 | B39: អនុប្រធ.​ការិយាល័យរដ្ឋបាល និងធនធានមនុស្ស | D39: =A38 -> 37 | E39: N | F39: =INDEX(people!$A$2:$A$300, MATCH(G39,people!$C$2:$C$300, 0)) -> 1960300210 | G39: ហេម សោភា
A40: 39 | B40: បុគ្គលិក | D40: =A39 -> 38 | E40: N | F40: =INDEX(people!$A$2:$A$300, MATCH(G40,people!$C$2:$C$300, 0)) -> 1680300331 | G40: ជូ សុផានី
A41: 40 | B41: បុគ្គលិក | D41: =A39 -> 38 | E41: N | F41: =INDEX(people!$A$2:$A$300, MATCH(G41,people!$C$2:$C$300, 0)) -> 2800300234 | G41: ប៊ុន ច័ន្ទសុគន្ធា
A42: 41 | B42: បុគ្គលិក | D42: =A39 -> 38 | E42: N | F42: =INDEX(people!$A$2:$A$300, MATCH(G42,people!$C$2:$C$300, 0)) -> 1680300355 | G42: ឈួន សារ៉ាន
A43: 42 | B43: បុគ្គលិក | D43: =A39 -> 38 | E43: N | F43: =INDEX(people!$A$2:$A$300, MATCH(G43,people!$C$2:$C$300, 0)) -> 2800300061 | G43: ឡុង ភិរម្យ
A44: 43 | B44: មន្ត្រីកិច្ចសន្យា | D44: =A39 -> 38 | E44: N | F44: =INDEX(people!$A$2:$A$300, MATCH(G44,people!$C$2:$C$300, 0)) -> 100001 | G44: ថេង ធីណា
A45: 44 | B45: មន្ត្រីកិច្ចសន្យា | D45: =A39 -> 38 | E45: N | F45: =INDEX(people!$A$2:$A$300, MATCH(G45,people!$C$2:$C$300, 0)) -> 100002 | G45: យក់ ឆៃយ៉ា
A46: 45 | B46: ប្រធ.​ការិយាល័យផែនការ និងហិរញ្ញវត្ថុ | D46: =A3 -> 2 | E46: N | F46: =INDEX(people!$A$2:$A$300, MATCH(G46,people!$C$2:$C$300, 0)) -> 1800300530 | G46: ហ៊ាត់ ប៊ុនហឿង
A47: 46 | B47: អនុប្រធ.​ការិយាល័យផែនការ និងហិរញ្ញវត្ថុ | D47: =A46 -> 45 | E47: N | F47: =INDEX(people!$A$2:$A$300, MATCH(G47,people!$C$2:$C$300, 0)) -> 1860300283 | G47: ឌឿន អ៊ី
A48: 47 | B48: បុគ្គលិក | D48: =$A$47 -> 46 | E48: N | F48: =INDEX(people!$A$2:$A$300, MATCH(G48,people!$C$2:$C$300, 0)) -> 1920300193 | G48: ឆន ពិសិទ្ធ
A49: 48 | B49: បុគ្គលិក | D49: =$A$47 -> 46 | E49: N | F49: =INDEX(people!$A$2:$A$300, MATCH(G49,people!$C$2:$C$300, 0)) -> 1690300349 | G49: ថូ សាវុធ
A50: 49 | B50: បុគ្គលិក | D50: =$A$47 -> 46 | E50: N | F50: =INDEX(people!$A$2:$A$300, MATCH(G50,people!$C$2:$C$300, 0)) -> 2680300154 | G50: អ៊ុក វណ្ណថាត
A51: 50 | B51: បុគ្គលិក | D51: =$A$47 -> 46 | E51: N | F51: =INDEX(people!$A$2:$A$300, MATCH(G51,people!$C$2:$C$300, 0)) -> 2980300364 | G51: ម៉ុក ចាន់រ៉ុង
A52: 51 | B52: បុគ្គលិក | D52: =$A$47 -> 46 | E52: N | F52: =INDEX(people!$A$2:$A$300, MATCH(G52,people!$C$2:$C$300, 0)) -> 1830300210 | G52: ជឹម ជានី
A53: 52 | B53: ប្រធ.​ការិយាល័យសិក្សា និងវិក្រឹតការ | D53: =A4 -> 3 | E53: N | F53: =INDEX(people!$A$2:$A$300, MATCH(G53,people!$C$2:$C$300, 0)) -> 1750300438 | G53: ខុន គង់
A54: 53 | B54: អនុប្រធ.​ការិយាល័យសិក្សា និងវិក្រឹតការ | D54: =A53 -> 52 | E54: N | F54: =INDEX(people!$A$2:$A$300, MATCH(G54,people!$C$2:$C$300, 0)) -> 1890700240 | G54: គុំ រំដោះ
A55: 54 | B55: អនុប្រធ.​ការិយាល័យសិក្សា និងវិក្រឹតការ | D55: =A53 -> 52 | E55: N | F55: =INDEX(people!$A$2:$A$300, MATCH(G55,people!$C$2:$C$300, 0)) -> 1831200363 | G55: សេង សត្យា
A56: 55 | B56: បុគ្គលិក | D56: =A54 -> 53 | E56: N | F56: =INDEX(people!$A$2:$A$300, MATCH(G56,people!$C$2:$C$300, 0)) -> 1690300603 | G56: ហ៊ង សុខលាភ
A57: 56 | B57: បុគ្គលិក | D57: =$A$55 -> 54 | E57: N | F57: =INDEX(people!$A$2:$A$300, MATCH(G57,people!$C$2:$C$300, 0)) -> 2720300109 | G57: ចិន ផល្លា
A58: 57 | B58: បុគ្គលិក | D58: =$A$55 -> 54 | E58: N | F58: =INDEX(people!$A$2:$A$300, MATCH(G58,people!$C$2:$C$300, 0)) -> 2670300101 | G58: ឡាង គីមសេង
A59: 58 | B59: បុគ្គលិក | D59: =$A$55 -> 54 | E59: N | F59: =INDEX(people!$A$2:$A$300, MATCH(G59,people!$C$2:$C$300, 0)) -> 1660300189 | G59: យ៉ែម រុំផា
A60: 59 | B60: បុគ្គលិក | D60: =$A$55 -> 54 | E60: N | F60: =INDEX(people!$A$2:$A$300, MATCH(G60,people!$C$2:$C$300, 0)) -> 1790300234 | G60: ហ៊ឹង សុខចាន់
A61: 60 | B61: ប្រធ.ការិយាល័យធានាគុណភាពផ្ទៃក្នុង | D61: =A4 -> 3 | E61: N | F61: =INDEX(people!$A$2:$A$300, MATCH(G61,people!$C$2:$C$300, 0)) -> 1830300209 | G61: លី ពិសិដ្ឋ
A62: 61 | B62: អនុប្រធ.ការិយាល័យធានាគុណភាពផ្ទៃក្នុង | D62: =A61 -> 60 | E62: N | F62: =INDEX(people!$A$2:$A$300, MATCH(G62,people!$C$2:$C$300, 0)) -> 1690300388 | G62: តាំង ស៊ីភឿន
A63: 62 | B63: ប្រធ.ផ្នែកគណិតវិទ្យា និងវិទ្យាសាស្ត្រ | D63: =A53 -> 52 | E63: N | F63: =INDEX(people!$A$2:$A$300, MATCH(G63,people!$C$2:$C$300, 0)) -> 1820300233 | G63: ហេង សីហា
A64: 63 | B64: ប្រធ.ផ្នែកភាសា និងវិទ្យាសាស្ត្រសង្គម | D64: =A53 -> 52 | E64: N | F64: =INDEX(people!$A$2:$A$300, MATCH(G64,people!$C$2:$C$300, 0)) -> 1670300249 | G64: លី ភីរិទ្ធ
A65: 64 | B65: អនុប្រធ.ផ្នែក - ប្រធ.​ក្រ.​បច្ចេកទេសភាសាបរទេស | D65: =$A$64 -> 63 | E65: N | F65: =INDEX(people!$A$2:$A$300, MATCH(G65,people!$C$2:$C$300, 0)) -> 1820300058 | G65: ជា សោភ័ណ្ឌសារៈ
A66: 65 | B66: អនុប្រធ.ផ្នែក - ប្រធ.​ក្រ.​បច្ចេកទេសភាសាខ្មែរ | D66: =$A$64 -> 63 | E66: N | F66: =INDEX(people!$A$2:$A$300, MATCH(G66,people!$C$2:$C$300, 0)) -> 2890300162 | G66: ឡៃ ចិន្តា
A67: 66 | B67: អនុប្រធ.ផ្នែក - ប្រធ.​ក្រ.​បច្ចេកទេសសិក្សាសង្គម | D67: =$A$64 -> 63 | E67: N | F67: =INDEX(people!$A$2:$A$300, MATCH(G67,people!$C$2:$C$300, 0)) -> 1850300085 | G67: ញឹម ស៊ាងលាភ
A68: 67 | B68: អនុប្រធ.ផ្នែក - ប្រធ.​ក្រ.​បច្ចេកទេសចិត្តវិទ្យាអប់រំ | D68: =$A$64 -> 63 | E68: N | F68: =INDEX(people!$A$2:$A$300, MATCH(G68,people!$C$2:$C$300, 0)) -> 1872100269 | G68: កែម បូរី
A69: 68 | B69: អនុប្រធ.ផ្នែក - ប្រធ.​ក្រ.​បច្ចេកទេសកីឡា | D69: =$A$64 -> 63 | E69: N | F69: =INDEX(people!$A$2:$A$300, MATCH(G69,people!$C$2:$C$300, 0)) -> 1930700107 | G69: ង៉ែត សុទ្ធា
A70: 69 | B70: ប្រធ.ផ្នែកបច្ចេកវិទ្យាឌីជីថន ស្រាវជ្រាវ និងបណ្ណាល័យ | D70: =A53 -> 52 | E70: N | F70: =INDEX(people!$A$2:$A$300, MATCH(G70,people!$C$2:$C$300, 0)) -> 1920300331 | G70: ឈុំ លាង
A71: 70 | B71: អនុប្រធ.ផ្នែក - ប្រធ.​ក្រ.​បច្ចេកទេសព័ត៌មានវិទ្យា | D71: =$A$70 -> 69 | E71: N | F71: =INDEX(people!$A$2:$A$300, MATCH(G71,people!$C$2:$C$300, 0)) -> 1904800001 | G71: សន រិទ្ធី
A72: 71 | B72: អនុប្រធ.ផ្នែក - ប្រធ.​ក្រ.​បច្ចេកទេសស្រាវជ្រាវ | D72: =$A$70 -> 69 | E72: N | F72: =INDEX(people!$A$2:$A$300, MATCH(G72,people!$C$2:$C$300, 0)) -> 2930300307 | G72: ស៊ាន វាសនា
A73: 72 | B73: អនុប្រធ.ផ្នែក - ប្រធ.​ក្រ.​បច្ចេកទេសកីឡា | D73: =$A$70 -> 69 | E73: N | F73: =INDEX(people!$A$2:$A$300, MATCH(G73,people!$C$2:$C$300, 0)) -> 2820300049 | G73: ឱ ភិរ៉ាណ
A74: 73 | B74: អនុប្រធ.ផ្នែក - ប្រធ.​ក្រ.​បច្ចេកទេសគណិតវិទ្យា | D74: =A63 -> 62 | E74: N | F74: =INDEX(people!$A$2:$A$300, MATCH(G74,people!$C$2:$C$300, 0)) -> 1901200129 | G74: ជា បញ្ញា
A75: 74 | B75: អនុប្រធ.ផ្នែក - ប្រធ.​ក្រ.​បច្ចេកទេសវិទ្យាសាស្ត្រ | D75: =A63 -> 62 | E75: N | F75: =INDEX(people!$A$2:$A$300, MATCH(G75,people!$C$2:$C$300, 0)) -> 1840300188 | G75: អ៊ាង វិបុល
A76: 75 | B76: អនុប្រធ.​ក្រ.​បច្ចេកទេសគណិតវិទ្យា | D76: =$A$74 -> 73 | E76: Y | F76: =INDEX(people!$A$2:$A$300, MATCH(G76,people!$C$2:$C$300, 0)) -> 1990300147 | G76: ធុយ សុភត្រ្តា
A77: 76 | B77: អនុប្រធ.​ក្រ.​បច្ចេកទេសគណិតវិទ្យា | D77: =$A$74 -> 73 | E77: Y | F77: =INDEX(people!$A$2:$A$300, MATCH(G77,people!$C$2:$C$300, 0)) -> 2870300243 | G77: សេង សុវ៉ាត
A78: 77 | B78: គ្រូឧទ្ទេសគណិតវិទ្យា | D78: =$A$74 -> 73 | E78: N | F78: =INDEX(people!$A$2:$A$300, MATCH(G78,people!$C$2:$C$300, 0)) -> 1690300322 | G78: សឹងហ៊ីណារុំ
A79: 78 | B79: គ្រូឧទ្ទេសគណិតវិទ្យា | D79: =$A$74 -> 73 | E79: N | F79: =INDEX(people!$A$2:$A$300, MATCH(G79,people!$C$2:$C$300, 0)) -> 1690300442 | G79: ផាន់ ហាច
A80: 79 | B80: គ្រូឧទ្ទេសគណិតវិទ្យា | D80: =$A$74 -> 73 | E80: N | F80: =INDEX(people!$A$2:$A$300, MATCH(G80,people!$C$2:$C$300, 0)) -> 2820300034 | G80: សុក គឹមហ៊ាង
A81: 80 | B81: អនុប្រធ.​ក្រ.​បច្ចេកទេសវិទ្យាសាស្ត្រ | D81: =$A$75 -> 74 | E81: Y | F81: =INDEX(people!$A$2:$A$300, MATCH(G81,people!$C$2:$C$300, 0)) -> 2900300246 | G81: នី រមនា
A82: 81 | B82: អនុប្រធ.​ក្រ.​បច្ចេកទេសវិទ្យាសាស្ត្រ | D82: =$A$75 -> 74 | E82: Y | F82: =INDEX(people!$A$2:$A$300, MATCH(G82,people!$C$2:$C$300, 0)) -> 2871400116 | G82: ឃាង ចាន់ដេត
A83: 82 | B83: គ្រូឧទ្ទេសវិទ្យាសាស្ត្រ | D83: =$A$75 -> 74 | E83: N | F83: =INDEX(people!$A$2:$A$300, MATCH(G83,people!$C$2:$C$300, 0)) -> 2870300253 | G83: ហេង សុផានិត
A84: 83 | B84: គ្រូឧទ្ទេសវិទ្យាសាស្ត្រ | D84: =$A$75 -> 74 | E84: N | F84: =INDEX(people!$A$2:$A$300, MATCH(G84,people!$C$2:$C$300, 0)) -> 2990300274 | G84: ស៊ាង ស៊ាវលី
A85: 84 | B85: គ្រូឧទ្ទេសវិទ្យាសាស្ត្រ | D85: =$A$75 -> 74 | E85: N | F85: =INDEX(people!$A$2:$A$300, MATCH(G85,people!$C$2:$C$300, 0)) -> 2870300157 | G85: កឹម សុសិទ្ធា
A86: 85 | B86: គ្រូឧទ្ទេសវិទ្យាសាស្ត្រ | D86: =$A$75 -> 74 | E86: N | F86: =INDEX(people!$A$2:$A$300, MATCH(G86,people!$C$2:$C$300, 0)) -> 2680300173 | G86: មិត្ត ណារ៉េត
A87: 86 | B87: គ្រូឧទ្ទេសវិទ្យាសាស្ត្រ | D87: =$A$75 -> 74 | E87: N | F87: =INDEX(people!$A$2:$A$300, MATCH(G87,people!$C$2:$C$300, 0)) -> 2810300213 | G87: ហេង ណាលីន
A88: 87 | B88: គ្រូឧទ្ទេសវិទ្យាសាស្ត្រ | D88: =$A$75 -> 74 | E88: N | F88: =INDEX(people!$A$2:$A$300, MATCH(G88,people!$C$2:$C$300, 0)) -> 2930300439 | G88: គីន ស្រីឡែន
A89: 88 | B89: អនុប្រធ.​ក្រ.​បច្ចេកទេសភាសាបរទេស | D89: =$A$65 -> 64 | E89: Y | F89: =INDEX(people!$A$2:$A$300, MATCH(G89,people!$C$2:$C$300, 0)) -> 2800300262 | G89: ភួង ច័ន្ទលាភី
A90: 89 | B90: អនុប្រធ.​ក្រ.​បច្ចេកទេសភាសាបរទេស | D90: =$A$65 -> 64 | E90: Y | F90: =INDEX(people!$A$2:$A$300, MATCH(G90,people!$C$2:$C$300, 0)) -> 2830300017 | G90: កេត ធីតា
A91: 90 | B91: គ្រូឧទ្ទេសភាសាបរទេស | D91: =$A$65 -> 64 | E91: N | F91: =INDEX(people!$A$2:$A$300, MATCH(G91,people!$C$2:$C$300, 0)) -> 2750300112 | G91: ទុំ ស៊ីសុភារ៉េត
A92: 91 | B92: គ្រូឧទ្ទេសភាសាបរទេស | D92: =$A$65 -> 64 | E92: N | F92: =INDEX(people!$A$2:$A$300, MATCH(G92,people!$C$2:$C$300, 0)) -> 1840300118 | G92: ហ៊ុល ពិសិដ្ឋ
A93: 92 | B93: គ្រូឧទ្ទេសភាសាបរទេស | D93: =$A$65 -> 64 | E93: N | F93: =INDEX(people!$A$2:$A$300, MATCH(G93,people!$C$2:$C$300, 0)) -> 1840600176 | G93: យ៉ុង គឹមយី
A94: 93 | B94: គ្រូឧទ្ទេសភាសាបរទេស | D94: =$A$65 -> 64 | E94: N | F94: =INDEX(people!$A$2:$A$300, MATCH(G94,people!$C$2:$C$300, 0)) -> 1710300321 | G94: ហេង សុខា
A95: 94 | B95: គ្រូឧទ្ទេសភាសាបរទេស | D95: =$A$65 -> 64 | E95: N | F95: =INDEX(people!$A$2:$A$300, MATCH(G95,people!$C$2:$C$300, 0)) -> 1820300041 | G95: យួក សុខឃឿន
A96: 95 | B96: គ្រូឧទ្ទេសភាសាបរទេស | D96: =$A$65 -> 64 | E96: N | F96: =INDEX(people!$A$2:$A$300, MATCH(G96,people!$C$2:$C$300, 0)) -> 2820300165 | G96: នី រដ្ឋា
A97: 96 | B97: គ្រូឧទ្ទេសភាសាបរទេស | D97: =$A$65 -> 64 | E97: N | F97: =INDEX(people!$A$2:$A$300, MATCH(G97,people!$C$2:$C$300, 0)) -> 2780300027 | G97: ទិត លក្ខិណា
A98: 97 | B98: គ្រូឧទ្ទេសភាសាបរទេស | D98: =$A$65 -> 64 | E98: N | F98: =INDEX(people!$A$2:$A$300, MATCH(G98,people!$C$2:$C$300, 0)) -> 2810300025 | G98: គឹម សុកញ្ញា
A99: 98 | B99: អនុប្រធ.​ក្រ.​បច្ចេកទេសភាសាខ្មែរ | D99: =$A$66 -> 65 | E99: Y | F99: =INDEX(people!$A$2:$A$300, MATCH(G99,people!$C$2:$C$300, 0)) -> 1730300800 | G99: នាង វឿន
A100: 99 | B100: អនុប្រធ.​ក្រ.​បច្ចេកទេសភាសាខ្មែរ | D100: =$A$66 -> 65 | E100: Y | F100: =INDEX(people!$A$2:$A$300, MATCH(G100,people!$C$2:$C$300, 0)) -> 2900300321 | G100: ផល្លា សុម៉ាលីណា
...

Sheet people
A1: id | B1: name | C1: tittle | D1: photo | E1: en_name | F1: sex | G1: functionName | H1: field_Phone | I1: field_Email | J1: field_Homepage | K1: field_Country | L1: field_City | M1: field_Street
A2: 1680300332 | B2: =IF(F2="ប្រុស","លោក "&C2,"លោកស្រី "&C2) -> លោក សេង ស៊ីម | C2: សេង ស៊ីម | D2: seng.sim | E2: Seng Sim | F2: ប្រុស | H2: =VLOOKUP(E2,data!$C$2:$U$103,5,FALSE) -> 012 989 336
A3: ​​​​​​​​​​​​​​​​​​​​​​​​​​​​​​​​​​​1740600213 | B3: =IF(F3="ប្រុស","លោក "&C3,"លោកស្រី "&C3) -> លោក តាយ ណារិន | C3: តាយ ណារិន | D3: tay.narin | E3: Tay Narin | F3: ប្រុស | H3: =VLOOKUP(E3,data!$C$2:$U$103,5,FALSE) -> 016 720 128
A4: 1710300275 | B4: =IF(F4="ប្រុស","លោក "&C4,"លោកស្រី "&C4) -> លោក អ៊ុំ កេងម៉េង | C4: អ៊ុំ កេងម៉េង | D4: um.kengmeng | E4: Um Kengmeng | F4: ប្រុស | H4: =VLOOKUP(E4,data!$C$2:$U$103,5,FALSE) -> 012 218 911
A5: 1800300530 | B5: =IF(F5="ប្រុស","លោក "&C5,"លោកស្រី "&C5) -> លោក ហ៊ាត់ ប៊ុនហឿង | C5: ហ៊ាត់ ប៊ុនហឿង | D5: hort.bunhoeurng | E5: Hort Bunhoeurng | F5: ប្រុស | H5: =VLOOKUP(E5,data!$C$2:$U$103,5,FALSE) -> 012 315 091
A6: 2680300154 | B6: =IF(F6="ប្រុស","លោក "&C6,"លោកស្រី "&C6) -> លោកស្រី អ៊ុក វណ្ណថាត | C6: អ៊ុក វណ្ណថាត | D6: ouk.vanthat | E6: Ouk Vanthat | F6: ស្រី | H6: =VLOOKUP(E6,data!$C$2:$U$103,5,FALSE) -> 076 999 3832
A7: 1680300331 | B7: =IF(F7="ប្រុស","លោក "&C7,"លោកស្រី "&C7) -> លោក ជូ សុផានី | C7: ជូ សុផានី | D7: chou.sophany | E7: Chou Sophany | F7: ប្រុស | H7: =VLOOKUP(E7,data!$C$2:$U$103,5,FALSE) -> 099 880 110
A8: 1750300438 | B8: =IF(F8="ប្រុស","លោក "&C8,"លោកស្រី "&C8) -> លោក ខុន គង់ | C8: ខុន គង់ | D8: khon.kong | E8: Khon Kong | F8: ប្រុស | H8: =VLOOKUP(E8,data!$C$2:$U$103,5,FALSE) -> 092 689 922
A9: 1790300234 | B9: =IF(F9="ប្រុស","លោក "&C9,"លោកស្រី "&C9) -> លោក ហ៊ឹង សុខចាន់ | C9: ហ៊ឹង សុខចាន់ | D9: hoeung.sokchann | E9: Hoeung Sokchann | F9: ប្រុស | H9: =VLOOKUP(E9,data!$C$2:$U$103,5,FALSE) -> 078 829 990
A10: 2820300049 | B10: =IF(F10="ប្រុស","លោក "&C10,"លោកស្រី "&C10) -> លោកស្រី ឱ ភិរ៉ាណ | C10: ឱ ភិរ៉ាណ | D10: or.phiran | E10: Or Phiran | F10: ស្រី | H10: =VLOOKUP(E10,data!$C$2:$U$103,5,FALSE) -> 012 626 057
A11: 2720300109 | B11: =IF(F11="ប្រុស","លោក "&C11,"លោកស្រី "&C11) -> លោកស្រី ចិន ផល្លា | C11: ចិន ផល្លា | D11: chen.phalla | E11: Chen Phalla | F11: ស្រី | H11: =VLOOKUP(E11,data!$C$2:$U$103,5,FALSE) -> 096 570 4177
A12: 1660300189 | B12: =IF(F12="ប្រុស","លោក "&C12,"លោកស្រី "&C12) -> លោក យ៉ែម រុំផា | C12: យ៉ែម រុំផា | D12: yem.rompha | E12: Yem Rompha | F12: ប្រុស | H12: =VLOOKUP(E12,data!$C$2:$U$103,5,FALSE) -> 012 897 651
A13: 2670300101 | B13: =IF(F13="ប្រុស","លោក "&C13,"លោកស្រី "&C13) -> លោកស្រី ឡាង គីមសេង | C13: ឡាង គីមសេង | D13: lang.kimseng | E13: Lang Kimseng | F13: ស្រី | H13: =VLOOKUP(E13,data!$C$2:$U$103,5,FALSE) -> 0
A14: 1820300233 | B14: =IF(F14="ប្រុស","លោក "&C14,"លោកស្រី "&C14) -> លោក ហេង សីហា | C14: ហេង សីហា | D14: heng.seiha | E14: Heng Seiha | F14: ប្រុស | H14: =VLOOKUP(E14,data!$C$2:$U$103,5,FALSE) -> 092 402 727
A15: 1890700240 | B15: =IF(F15="ប្រុស","លោក "&C15,"លោកស្រី "&C15) -> លោក គុំ រំដោះ | C15: គុំ រំដោះ | D15: kum.romdoh | E15: Kum Romdoh | F15: ប្រុស | H15: =VLOOKUP(E15,data!$C$2:$U$103,5,FALSE) -> 017 887 400
... A102: 2000300183 | B102: =IF(F102="ប្រុស","លោក "&C102,"លោកស្រី "&C102) -> លោកស្រី លី ស្រីពៅ | C102: លី ស្រីពៅ | D102: ly.sreypov | E102: Ly Sreypov | F102: ស្រី | H102: =VLOOKUP(E102,data!$C$2:$U$103,5,FALSE) -> 096​ 816 1466
A103: 1990300147 | B103: =IF(F103="ប្រុស","លោក "&C103,"លោកស្រី "&C103) -> លោក ធុយ សុភត្រ្តា | C103: ធុយ សុភត្រ្តា | D103: thuy.sopheaktra | E103: Thuy Sopheaktra | F103: ប្រុស | H103: =VLOOKUP(E103,data!$C$2:$U$203,5,FALSE) -> 088 ​913 0994
A104: 100001 | B104: =IF(F104="ប្រុស","លោក "&C104,"លោកស្រី "&C104) -> លោក ថេង ធីណា | C104: ថេង ធីណា | D104: theng.thina | E104: Theng Thina | F104: ប្រុស | H104: =VLOOKUP(E104,data!$C$2:$U$203,5,FALSE) -> 0
A105: 1720300297 | B105: =IF(F105="ប្រុស","លោក "&C105,"លោកស្រី "&C105) -> លោក បេង ហេង | C105: បេង ហេង | D105: beng.heng | E105: Beng Heng | F105: ប្រុស | H105: =VLOOKUP(E105,data!$C$2:$U$203,5,FALSE) -> 061 678 720
A106: 2740300117 | B106: =IF(F106="ប្រុស","លោក "&C106,"លោកស្រី "&C106) -> លោកស្រី សន សុម៉ាលី | C106: សន សុម៉ាលី | D106: san.somaly | E106: San Somaly | F106: ស្រី | H106: =VLOOKUP(E106,data!$C$2:$U$203,5,FALSE) -> 061 697 563
A107: 2980300142 | B107: =IF(F107="ប្រុស","លោក "&C107,"លោកស្រី "&C107) -> លោកស្រី ឈីន បូណាវត្តី | C107: ឈីន បូណាវត្តី | D107: chhin.bonavattey | E107: Chhin Bonavattey | F107: ស្រី | H107: =VLOOKUP(E107,data!$C$2:$U$203,5,FALSE) -> 061 647 862
A108: 1750300287 | B108: =IF(F108="ប្រុស","លោក "&C108,"លោកស្រី "&C108) -> លោក ណោ រ៉ា | C108: ណោ រ៉ា | D108: nor.ra | E108: Nor Ra | F108: ប្រុស | H108: =VLOOKUP(E108,data!$C$2:$U$203,5,FALSE) -> 061 993 277
A109: 2760300055 | B109: =IF(F109="ប្រុស","លោក "&C109,"លោកស្រី "&C109) -> លោកស្រី ម៉ន សុឃា | C109: ម៉ន សុឃា | D109: man.sokhea | E109: Man Sokhea | F109: ស្រី | H109: =VLOOKUP(E109,data!$C$2:$U$203,5,FALSE) -> 061 654 592
A110: 2780300025 | B110: =IF(F110="ប្រុស","លោក "&C110,"លោកស្រី "&C110) -> លោកស្រី ហ៊ៅ គីមណៃ | C110: ហ៊ៅ គីមណៃ | D110: hov.kimnay | E110: Hov Kimnay | F110: ស្រី | H110: =VLOOKUP(E110,data!$C$2:$U$203,5,FALSE) -> 061 533 873
A111: 2820300159 | B111: =IF(F111="ប្រុស","លោក "&C111,"លោកស្រី "&C111) -> លោកស្រី ទន់ សុគន្ធា | C111: ទន់ សុគន្ធា | D111: tun.sokunthea | E111: Tun Sokunthea | F111: ស្រី | H111: =VLOOKUP(E111,data!$C$2:$U$203,5,FALSE) -> 061 640 844
A112: 1850300039 | B112: =IF(F112="ប្រុស","លោក "&C112,"លោកស្រី "&C112) -> លោក សាត សំអាត | C112: សាត សំអាត | D112: sat.somat | E112: Sat Somat | F112: ប្រុស | H112: =VLOOKUP(E112,data!$C$2:$U$203,5,FALSE) -> 061 674 926
A113: 2860300021 | B113: =IF(F113="ប្រុស","លោក "&C113,"លោកស្រី "&C113) -> លោកស្រី សេង​ ​ សុផា | C113: សេង​ ​ សុផា | D113: seng.sopha | E113: Seng Sopha | F113: ស្រី | H113: =VLOOKUP(E113,data!$C$2:$U$203,5,FALSE) -> 061 576 591
A114: 1870300055 | B114: =IF(F114="ប្រុស","លោក "&C114,"លោកស្រី "&C114) -> លោក ចុង ហ្វីនី | C114: ចុង ហ្វីនី | D114: chong.finy | E114: Chong Finy | F114: ប្រុស | H114: =VLOOKUP(E114,data!$C$2:$U$203,5,FALSE) -> 062 103 153
... A125: 100002 | B125: =IF(F125="ប្រុស","លោក "&C125,"លោកស្រី "&C125) -> លោក យក់ ឆៃយ៉ា | C125: យក់ ឆៃយ៉ា | D125: yuk.chaiya | E125: Yuk Chaiya | F125: ប្រុស | H125: =VLOOKUP(E125,data!$C$2:$U$203,5,FALSE) -> 0
A126: 2980300154 | B126: =IF(F126="ប្រុស","លោក "&C126,"លោកស្រី "&C126) -> លោកស្រី មឿន ស៊ីណា | C126: មឿន ស៊ីណា | D126: moeurn.sina | E126: Moeurn Sina | F126: ស្រី | H126: 097 7019438
A127: 2020300019 | B127: =IF(F127="ប្រុស","លោក "&C127,"លោកស្រី "&C127) -> លោកស្រី ម៉ុន សុខចេង | C127: ម៉ុន សុខចេង | D127: mon.sokcheng | E127: Mon Sokcheng | F127: ស្រី | H127: 066 545137
A128: 2034800003 | B128: =IF(F128="ប្រុស","លោក "&C128,"លោកស្រី "&C128) -> លោកស្រី ផៃ ស្រីណុច | C128: ផៃ ស្រីណុច | D128: phai.sreynoch | E128: Phai Sreynoch | F128: ស្រី | H128: 088 6724911
A129: 2980300083 | B129: =IF(F129="ប្រុស","លោក "&C129,"លោកស្រី "&C129) -> លោកស្រី ភាព រចនា | C129: ភាព រចនា | D129: pheap.rachana | E129: Pheap Rachana | F129: ស្រី | H129: 010 990963
A130: 1020300008 | B130: =IF(F130="ប្រុស","លោក "&C130,"លោកស្រី "&C130) -> លោក ចាន់ ថាភិរម្យ | C130: ចាន់ ថាភិរម្យ | D130: chan.thapherom | E130: Chan Thapherom | F130: ប្រុស | H130: 098 331517
A131: 2980300081 | B131: =IF(F131="ប្រុស","លោក "&C131,"លោកស្រី "&C131) -> លោកស្រី ម៉ាន់ ស្រីកែវ | C131: ម៉ាន់ ស្រីកែវ | D131: mann.sreykeo | E131: Mann Sreykeo | F131: ស្រី | H131: 096 2291467

Sheet assignment

Sheet data
A1: ល.រ | B1: នាម គោត្តនាម | C1: ឈ្មោះជាអក្សរឡាតាំង | D1: ភេទ | E1: ថ្ងៃខែឆ្នាំកំណើត | F1: អត្តលេខមន្រ្តី | G1: លេខទូរសព្ទ | H1: លេខគណនេយ្យបៀរវត្ស | I1: ខេត្ត | J1: ប្រភេទកាំ | K1: តួនាទី | L1: ដើម | N1: ចុងក្រោយ | P1: កំពុងបន្តការសិក្សា | S1: ឯកទេសដើម និង ចុងក្រោយ | T1: មុខវិជ្ជាបង្រៀន ជាក់ស្ដែង | U1: ផ្សេងៗ
A2: 1 | B2: ព្រំ បូរ៉ាត | C2: Prom Borath | D2: ប | E2: 25123 | F2: 1680800830 | G2: 012 433 143 | H2: 10000165514919 | I2: កំពង់ចាម | J2: ក.១.៦ | K2: នាយក | L2: អក្សរសាស្ដ្រខ្មែរ | M2: បរិញ្ញាបត្រ | N2: វិទ្យាសាស្ត្រអប់រំ | O2: បរិញ្ញាបត្រជាន់ខ្ពស់ | R2: ថវិកាផ្ទាល់ខ្លួន | T2: មិនបង្រៀន
A3: 2 | B3: ស៊ឹម ស៊ីណាត | C3: Sim Sinath | D3: ស | E3: 25515 | F3: 2690300192 | G3: 077 559 967 | H3: 10000165298515 | I3: កំពង់ចាម | J3: ក .២.១ | K3: នាយិការង | L3: គណិតវិទ្យា | M3: បរិញ្ញាបត្រ | N3: វិទ្យាសាស្ត្រអប់រំ | O3: បរិញ្ញាបត្រជាន់ខ្ពស់ | R3: ថវិកាផ្ទាល់ខ្លួន | T3: មិនបង្រៀន
A4: 3 | B4: ព្រហ្ម មុន្នី | C4: Prum Mony | D4: ប | E4: 29540 | F4: 1800800450 | G4: 092 737 648 | H4: 10000165503414 | I4: កំពង់ចាម | J4: ក.២.២ | K4: នាយករង | L4: ចិត្តវិទ្យា | M4: បរិញ្ញាបត្រ | N4: ចិត្តវិទ្យា | O4: បរិញ្ញាបត្រ | R4: ថវិកាផ្ទាល់ខ្លួន | T4: មិនបង្រៀន
A5: 4 | B5: សេង សត្យា | C5: Seng Sathia | D5: ប | E5: 30449 | F5: 1831200363 | G5: 010 420 637 | H5: 10000165492818 | I5: កំពង់ចាម | J5: ក.២.២ | K5: ប្រធាន | L5: កសិកម្ម | M5: បរិញ្ញាបត្រ | N5: វិទ្យាសាស្ត្រអប់រំ | O5: បរិញ្ញាបត្រជាន់ខ្ពស់ | R5: ថវិកាផ្ទាល់ខ្លួន | T5: មិនបង្រៀន
A6: 5 | B6: តាំង ស៊ីភឿន | C6: Taing Siphoeurn | D6: ប | E6: 25274 | F6: 1690300388 | G6: 012 236 891 | H6: 10000165446212 | I6: កំពង់ចាម | J6: ខ.1.6 | K6: គ្រូឧទ្ទេស | L6: ប្រវត្តិវិទ្យា | M6: មធ្យមសិក្សាបឋមភូមិ | N6: ប្រវត្តិវិទ្យា | O6: បរិញ្ញាបត្រជាន់ខ្ពស់ | R6: ថវិកាផ្ទាល់ខ្លួន | T6: បង្រៀន | V6: កិច្ចព្រមព្រៀង BA+1
A7: 6 | B7: ហ៊ង សុខលាភ | C7: Horng Sokleap | D7: ប | E7: 25326 | F7: 1690300603 | G7: 017 225 545 | H7: 10000166471919 | I7: កំពង់ចាម | J7: ខ.២.៤ | K7: អនុប្រធាន | L7: ប្រវត្តិវិទ្យា | M7: មធ្យមសិក្សាទុតិយភូមិ | N7: វិទ្យាសាស្ត្រអប់រំ | O7: បរិញ្ញាបត្រជាន់ខ្ពស់ | R7: ថវិកាផ្ទាល់ខ្លួន | T7: មិនបង្រៀន
A8: 7 | B8: ទេព ជីវសុទ្ធា | C8: Tep Chivaksothea | D8: ប | E8: 24907 | F8: 1680300367 | G8: 092 902 511 | H8: 10000165441313 | I8: កំពង់ចាម | J8: ក.១.១ | K8: បណ្ណារក្ស | L8: ចិត្តគរុកោសល្យ | M8: មធ្យមសិក្សាទុតិយភូមិ | N8: វិទ្យាសាស្ត្រអប់រំ | O8: បរិញ្ញាបត្រជាន់ខ្ពស់ | R8: ថវិកាផ្ទាល់ខ្លួន | T8: មិនបង្រៀន
A9: 8 | B9: ហម ហ្គេចលាង | C9: Ham Guechleang | D9: ស | E9: 24991 | F9: 2680300175 | G9: 012 584 338 | H9: 10000165498010 | I9: កំពង់ចាម | J9: ខ ១ ៣ | K9: បណ្ណារក្ស | L9: អក្សរសាស្ដ្រខ្មែរ | M9: មធ្យមសិក្សាទុតិយភូមិ | N9: អក្សរសាស្រ្តខ្មែរ | O9: បរិញ្ញាបត្រ | R9: ថវិកាផ្ទាល់ខ្លួន | T9: មិនបង្រៀន
A10: 9 | B10: កាក់ រតនា | C10: Kak Ratana | D10: ប | E10: 34275 | F10: 1931000087 | G10: 015 612 512 | H10: 00010296351129 | I10: កំពង់ចាម | J10: ក.៣.៤ | K10: មន្ដ្រី | L10: មន្ត្រីគ្រប់គ្រងរដ្ឋបាល | M10: បរិញ្ញាបត្រ | N10: គ្រប់គ្រង | O10: បរិញ្ញាបត្រជាន់ខ្ពស់ | R10: ថវិកាផ្ទាល់ខ្លួន | T10: បង្រៀន | V10: កិច្ចព្រមព្រៀង BA+1
A11: 10 | B11: សឹង​ ហ៊ីណារិន | C11: Soeung Hynarin | D11: ស | E11: 24857 | F11: 2680300182 | G11: 087 797 776 | H11: 10000165520818 | I11: កំពង់ចាម | J11: ខ.៣.២ | K11: មន្ដ្រី | L11: ខ្មែរ-គេហកិច្ច | M11: មធ្យមសិក្សាទុតិយភូមិ | N11: ខ្មែរ-គេហកិច្ច | O11: មធ្យមសិក្សាទុតិយភូមិ | T11: មិនបង្រៀន
A12: 11 | B12: ឌឿន អ៊ី | C12: Doeun Y | D12: ប | E12: 31518 | F12: 1860300283 | G12: 099 283 783 | H12: 10000045408424 | I12: កំពង់ចាម | J12: ក.២.១ | K12: មន្ដ្រី | L12: ICT បណ្ណាល័យ | M12: បរិញ្ញាបត្រ | N12: វិទ្យាសាស្ត្រអប់រំ | O12: បរិញ្ញាបត្រជាន់ខ្ពស់ | R12: ថវិកាផ្ទាល់ខ្លួន | T12: បង្រៀន | V12: កិច្ចព្រមព្រៀង BA+1
A13: 12 | B13: ថូ សាវុធ | C13: Tho Savuth | D13: ប | E13: 25267 | F13: 1690300349 | G13: 011 760 236 | H13: 10000016861010 | I13: កំពង់ចាម | J13: ខ.៣.៣ | K13: មន្ដ្រី | L13: ខ្មែរ-ពលរដ្ឋ | M13: មធ្យមសិក្សាទុយភូមិ | N13: ខ្មែរ-ពលរដ្ឋ | O13: មធ្យមសិក្សាទុយភូមិ | T13: មិនបង្រៀន
A14: 13 | B14: ហេម សោភា | C14: Hem Sorphea | D14: ប | E14: 35192 | F14: 1960300210 | G14: 016 549 414 | H14: 10000291865219 | I14: កំពង់ចាម | J14: ក.៣.៤ | K14: មន្ដ្រី | L14: មន្ត្រីគ្រប់គ្រងរដ្ឋបាល | M14: បរិញ្ញាបត្រ | N14: រដ្ឋបាលសាធារណៈ | O14: បរិញ្ញាបត្រជាន់ខ្ពស់ | R14: ថវិកាផ្ទាល់ខ្លួន | T14: មិនបង្រៀន
A15: 14 | B15: ប៊ុន ច័ន្ទសុគន្ធា | C15: Bun Chan Sokunthea | D15: ស | E15: 29293 | F15: 2800300234 | G15: 012​ 530 379 | H15: 10000045319323 | I15: កំពង់ចាម | J15: ខ.៣.៣ | K15: មន្ដ្រី | L15: គេហកិច្ច | M15: មធ្យមសិក្សាទុយភូមិ | N15: ទំនាក់ទំនង | O15: បរិញ្ញាបត្រ | R15: ថវិកាផ្ទាល់ខ្លួន | T15: មិនបង្រៀន
A16: 15 | B16: មិត្ត ណារ៉េត | C16: Mith Nareth | D16: ស | E16: 25118 | F16: 2680300173 | G16: 012 550 812 | H16: 10000067479616 | I16: កំពង់ចាម | J16: ក.១.៤ | K16: គ្រូឧទ្ទេស | L16: មត្តេយ្យ | M16: មធ្យមសិក្សាទុយភូមិ | N16: មត្តេយ្យ | O16: មធ្យមសិក្សាទុយភូមិ | R16: រដ្ឋាភិបាល | T16: បង្រៀន | U16: វិទ្យាសាស្រ្ត
A17: 16 | B17: ឃាង ចាន់ដេត | C17: Kheang Chandeth | D17: ស | E17: 32033 | F17: 2871400116 | G17: 015 953 435 | H17: 10000026043818 | I17: កំពង់ចាម | J17: ក.៣.១ | K17: គ្រូឧទ្ទេស | L17: ជីវវិទ្យា | M17: បរិញ្ញាបត្រ | N17: ជីវវិទ្យា | O17: បរិញ្ញាបត្រ | T17: បង្រៀន | U17: វិទ្យាសាស្ត្រអនុវត្ត
A18: 17 | B18: ឃិត លីដា | C18: Khit Lida | D18: ប | E18: 31268 | F18: 1850800312 | G18: 098​​ 6161 63 | H18: 10000165294010 | I18: កំពង់ចាម | J18: ក.៣.១ | K18: គ្រូឧទ្ទេស | L18: តុបតែងលម្អរ | M18: បរិញ្ញាបត្រ | N18: គំនូ | O18: បរិញ្ញាបត្រ | R18: ក២៤ | T18: បង្រៀន | U18: កសិកម្ម
A19: 18 | B19: ជា បញ្ញា | C19: Chea Phannha | D19: ប | E19: 33169 | F19: 1901200129 | G19: 089 930 667 | H19: 10000197599010 | I19: កំពង់ចាម | J19: ក.២.២ | K19: គ្រូឧទ្ទេស | L19: គណិតវិទ្យា | M19: បរិញ្ញាបត្រ | N19: គណិតវិទ្យា | O19: បរិញ្ញាបត្រជាន់ខ្ពស់ | R19: គម្រោង TUP | T19: បង្រៀន | U19: គណិតវិទ្យា
A20: 19 | B20: មុំ វិចិត្រា | C20: Mom Vichettra | D20: ប | E20: 33109 | F20: 1901200130 | G20: 097 248 6868 | H20: 10000197026111 | I20: កំពង់ចាម | J20: ក.៣.២ | K20: គ្រូឧទ្ទេស | L20: ចិត្តវិទ្យា ភាសាអង់គ្លេស | M20: បរិញ្ញាបត្រ | N20: វិទ្យាសាស្ត្រអប់រំ | O20: បរិញ្ញាបត្រជាន់ខ្ពស់ | R20: ថវិការផ្ទាល់ខ្លួន | T20: បង្រៀន | U20: ចិត្តវិទ្យា និង គរុកោសល្យ
A21: 20 | B21: ផល្លា សុម៉ាលីណា | C21: Phalla Somalina | D21: ស | E21: 33046 | F21: 2900300321 | G21: 015 440 254 | H21: 10000197073111 | I21: កំពង់ចាម | J21: ក.៣.១ | K21: គ្រូឧទ្ទេស | L21: អក្សរសាស្ដ្រខ្មែរ | M21: បរិញ្ញាបត្រ | N21: អក្សរសាស្ដ្រខ្មែរ | O21: បរិញ្ញាបត្រជាន់ខ្ពស់ | R21: TUP | T21: បង្រៀន | U21: ភាសាខ្មែរ
A22: 21 | B22: ញឹម ស៊ាងលាភ | C22: Gnim Seangleap | D22: ប | E22: 31175 | F22: 1850300085 | G22: 078 600 636 | H22: 10000170805010 | I22: កំពង់ចាម | J22: ក.៣.១ | K22: គ្រូឧទ្ទេស | L22: ប្រវត្តិវិទ្យា ភូមិវិទ្យា | M22: បរិញ្ញាបត្រ | N22: ប្រវត្តិវិទ្យា | O22: បរិញ្ញាបត្រជាន់ខ្ពស់ | R22: ថវិកាផ្ទាល់ខ្លួន | T22: បង្រៀន | U22: ប្រវត្តិវិទ្យា ភូមិវិទ្យា
A23: 22 | B23: ជឹង លីដា | C23: Ching Lida | D23: ស | E23: 32011 | F23: 2870300008 | G23: 017 661 686 | H23: 10000054775111 | I23: កំពង់ចាម | J23: ក.៣.២ | K23: គ្រូឧទ្ទេស | L23: ប្រវត្តិវិទ្យា | M23: បរិញ្ញាបត្រ | N23: ប្រវត្តវិទ្យា | O23: បរិញ្ញាបត្រជាន់ខ្ពស់ | R23: ថវិកាផ្ទាល់ខ្លួន | T23: បង្រៀន | U23: ប្រវត្តវិទ្យា ភូមិវិទ្យា
A24: 23 | B24: ឃៀង អេងស៊ីម | C24: Kheang Engsim | D24: ស | E24: 24814 | F24: 2670800184 | G24: 011 403 688 | H24: 10000165500717 | I24: កំពង់ចាម | J24: ក.២.៣ | K24: គ្រូឧទ្ទេស | L24: ភូមិ ប្រវត្តិ | M24: មធ្យមសិក្សាទុយភូមិ | N24: អក្សរសាស្ត្រខ្មែរ | O24: បរិញ្ញាបត្រ | R24: ថវិកាផ្ទាល់ខ្លួន | T24: បង្រៀន | U24: អក្សរសាស្ត្រខ្មែរ
A25: 24 | B25: កេត ធីតា | C25: Keth Thyda | D25: ស | E25: 30458 | F25: 2830300017 | G25: 012 933 475 | H25: 34470169075416 | I25: កំពង់ចាម | J25: ក.២.២ | K25: គ្រូឧទ្ទេស | L25: ភាសាអង់គ្លេស | M25: បរិញ្ញាបត្រ | N25: អង់គ្លេស | O25: បរិញ្ញាបត្រជាន់ខ្ពស់ | R25: ថវិកាផ្ទាល់ខ្លួន | T25: បង្រៀន | U25: អង់គ្លេស
A26: 25 | B26: មឿន សុខា | C26: Moeun Sokha | D26: ស | E26: 31433 | F26: 2860300359 | G26: 092 833681 | H26: 10000041490119 | I26: កំពង់ចាម | J26: ក.៣.៣ | K26: គ្រូឧទ្ទេស | L26: ចិត្តគរុកោសល្យ | M26: បរិញ្ញាបត្រ | N26: ចិត្តវិទ្យា | O26: បរិញ្ញាបត្រ | R26: ថវិកាផ្ទាល់ខ្លួន | T26: បង្រៀន | U26: ចិត្តគរុកោសល្យ
A27: 26 | B27: ស្រ៊ុន សុភក្រ្ត | C27: Srun Sopheak | D27: ប | E27: 30805 | F27: 1840300396 | G27: 061 414 646 | H27: 10000165436616 | I27: កំពង់ចាម | J27: ក.៣.១ | K27: គ្រូឧទ្ទេស | L27: គំនូរវិចិត្រកម្ម | M27: បរិញ្ញាបត្រ | N27: គំនូរវិចិត្រកម្ម | O27: បរិញ្ញាបត្រ | R27: ថវិកាផ្ទាល់ខ្លួន | T27: បង្រៀន | U27: កសិកម្ម
A28: 27 | B28: កន ឈុននី | C28: Kan Chhunny | D28: ស | E28: 25600 | F28: 2700300301 | G28: 092 740​ ​682 | H28: 10000165508111 | I28: កំពង់ចាម | J28: ខ.២.១ | K28: គ្រូឧទ្ទេស | L28: អក្សរសាស្ដ្រខ្មែរ | M28: មធ្យមសិក្សាបឋមភូមិ | N28: អក្សរសាស្រ្តខ្មែរ | O28: មធ្យមសិក្សាបឋមភូមិ | T28: បង្រៀន | U28: ភាសាខ្មែរ
A29: 28 | B29: ផាន់ ហាច | C29: Phann Hach | D29: ប | E29: 25331 | F29: 1690300442 | G29: 011 205 871 | H29: 10000165468717 | I29: កំពង់ចាម | J29: ខ.១.៦ | K29: គ្រូឧទ្ទេស | L29: គណិតវិទ្យា | M29: មធ្យមសិក្សាទុយភូមិ | N29: គណិតវិទ្យា | O29: បរិញ្ញាបត្រជាន់ខ្ពស់ | R29: ថវិកាផ្ទាល់ខ្លួន | T29: បង្រៀន | U29: គណិតវិទ្យា
A30: 29 | B30: សឹង ហ៊ីណារុំ | C30: Soeung Hynarom | D30: ប | E30: 25268 | F30: 1690300322 | G30: 096 627 8992 | H30: 10000165495919 | I30: កំពង់ចាម | J30: ខ.២ ១ | K30: គ្រូឧទ្ទេស | L30: គណិតវិទ្យា | M30: មធ្យមសិក្សាទុយភូមិ | N30: គ្រប់គ្រង | O30: បរិញ្ញាបត្រ | R30: ថវិកាផ្ទាល់ខ្លួន | T30: បង្រៀន | U30: គណិតវិទ្យា
A31: 30 | B31: ឃីម វ៉ាន់ឌី | C31: Khim Vanndy | D31: ប | E31: 31919 | F31: 1870300100 | G31: 086 572 451 | H31: 10000166466717 | I31: កំពង់ចាម | J31: ខ.២.១ | K31: គ្រូឧទ្ទេស | L31: បារាំង ខ្មែរ | M31: មធ្យមសិក្សាទុយភូមិ | N31: អក្សរសាស្ត្រខ្មែរ | O31: បរិញ្ញាបត្រ | P31: អប់រំកម្រិតបឋម | Q31: បរិញ្ញាបត្រជាន់ខ្ពស់ | R31: UNESCO | T31: បង្រៀន | U31: ស្រាវជ្រាវអប់រំ ,កុំព្យូទ័រ
A32: 31 | B32: ឡុង ភិរម្យ | C32: Long Phirom | D32: ស | E32: 29356 | F32: 2800300061 | G32: 016 376 387 | H32: 10000165432515 | I32: កំពង់ចាម | J32: ខ.១.៥ | K32: គ្រូឧទ្ទេស | L32: គេហ សីលធម៌ | M32: មធ្យមសិក្សាទុយភូមិ | N32: អក្សរសាស្ត្រខ្មែរ | O32: បរិញ្ញាបត្រ | R32: ថវិការផ្ទាល់ខ្លួន | T32: បង្រៀន | U32: សីលធម៌ពលរដ្ឋ
A33: 32 | B33: កង ថុល | C33: Kang Thol | D33: ប | E33: 26973 | F33: 1730300451 | G33: 092 808 363 | H33: 10000165475313 | I33: កំពង់ចាម | J33: ខ.២.២ | K33: គ្រូឧទ្ទេស | L33: កីឡា | M33: មធ្យមសិក្សាបឋមភូមិ | N33: កីឡា | O33: មធ្យមសិក្សាបឋមភូមិ | R33: ថវិកាក្រសួង | T33: បង្រៀន | U33: កីឡា
A34: 33 | B34: សួន សុម៉ារ៉ា | C34: Suon Somara | D34: ស | E34: 30326 | F34: 2830300078 | G34: 012 576 434 | H34: 10000166475616 | I34: កំពង់ចាម | J34: ខ.២.១ | K34: គ្រូឧទ្ទេស | L34: ខ្មែរ គេហវិទ្យា | M34: មធ្យមសិក្សាទុយភូមិ | N34: អក្សរសាស្ដ្រខ្មែរ | O34: បរិញ្ញាបត្រជាន់ខ្ពស់ | R34: ថវិកាផ្ទាល់ខ្លួន | T34: បង្រៀន | U34: ភាសាខ្មែរ
A35: 34 | B35: គឹម សុកញ្ញា | C35: Kim Sokanha | D35: ស | E35: 29899 | F35: 2810300025 | G35: 017 544 243 | H35: 10000165484515 | I35: កំពង់ចាម | J35: ខ.២.១ | K35: គ្រូឧទ្ទេស | L35: ភាសាអង់គ្លេស | M35: មធ្យមសិក្សាទុតិយភូមិ | N35: ភាសាអង់គ្លេស-ខ្មែរ | O35: បរិញ្ញាបត្រ | R35: ថវិកាផ្ទាល់ខ្លួន | T35: បង្រៀន | U35: ខ្មែរ
A36: 35 | B36: ស សុវឌ្ឍនា | C36: Sar Sovathana | D36: ស | E36: 33520 | F36: 2910300165 | G36: 012 481 018 | H36: 34480169244010 | I36: កំពង់ចាម | J36: ខ.២.១ | K36: គ្រូឧទ្ទេស | L36: ភាសាខ្មែរ គេហវិទ្យា | M36: មធ្យមសិក្សាទុយភូមិ | N36: អក្សរសាស្រ្តខ្មែរ | O36: បរិញ្ញាបត្រជាន់ខ្ពស់ | R36: ថវិកាផ្ទាល់ខ្លួន | T36: បង្រៀន | U36: ភាសាខ្មែរ លើកកម្ពស់ភាសាជាតិ
A37: 36 | B37: កឹម សុសិទ្ធា | C37: Kem Sosethea | D37: ស | E37: 32008 | F37: 2870300157 | G37: 017 261463 | H37: 10000166473818 | I37: កំពង់ចាម | J37: ខ.២.១ | K37: គ្រូឧទ្ទេស | L37: ជីវវិទ្យា ផែនដីវិទ្យា | M37: មធ្យមសិក្សាទុយភូមិ | N37: ជីវវិទ្យា | O37: បរិញ្ញាបត្រជាន់ខ្ពស់ | R37: ថវិកាផ្ទាល់ខ្លួន | T37: បង្រៀន | U37: វិទ្យាសាស្ត្រ
A38: 37 | B38: ទិត លក្ខិណា | C38: Tith Leakhena | D38: ស | E38: 28715 | F38: 2780300027 | G38: 017 763 571 | H38: 10000166469515 | I38: កំពង់ចាម | J38: ខ.២.១ | K38: គ្រូឧទ្ទេស | L38: ភាសាអង់គ្លេស | M38: មធ្យមសិក្សាទុតិយភូមិ | N38: អក្សរសាស្ត្រខ្មែរ | O38: បរិញ្ញាបត្រ | R38: STEPCam | T38: បង្រៀន | U38: វាយតម្លៃការសិក្សា
A39: 38 | B39: ច្រឹក ធារី | C39: Chroek Theary | D39: ស | E39: 34236 | F39: 2930300284 | G39: 010 988 740 | H39: 10000250984110 | I39: កំពង់ចាម | J39: ខ.៣.៣ | K39: គ្រូឧទ្ទេស | L39: ប្រវត្តិវិទ្យា | M39: មធ្យមសិក្សាទុយភូមិ | N39: សិក្សាសង្គម | O39: បរិញ្ញាបត្រ | R39: អង្គការUNESCO | T39: បង្រៀន | U39: ការវាយតម្លៃការសិក្សា
A40: 39 | B40: ជា តុលា | C40: Chea Tola | D40: ប | E40: 34573 | F40: 1942000040 | G40: 070 840 703 | H40: 10000250829019 | I40: កំពង់ចាម | J40: ខ.៣.៣ | K40: គ្រូឧទ្ទេស | L40: អប់រំកាយ និងកីឡា | M40: មធ្យមសិក្សាទុតិយភូមិ | N40: អប់រំកាយ និងកីឡា | O40: មធ្យមសិក្សាបឋមភូមិ | T40: បង្រៀន | U40: អប់រំកាយនិងកីឡា
A41: 40 | B41: សុក គឹមហ៊ាង | C41: Sok Kimheang | D41: ស | E41: 30225 | F41: 2820300034 | G41: 012​ 492 550 | H41: 10000057393131 | I41: កំពង់ចាម | J41: ខ.៣.២ | K41: គ្រូឧទ្ទេស | L41: គណិតវិទ្យា | M41: មធ្យមសិក្សាទុតិយភូមិ | N41: គ្រប់គ្រងគម្រោង និងអភិវឌ្ឍជនបទ | O41: បរិញ្ញាបត្រជាន់ខ្ពស់ | R41: ថវិកាផ្ទាល់ខ្លួន | T41: បង្រៀន | U41: គណិតវិទ្យា
A42: 41 | B42: ឈួន សារ៉ាន | C42: Chhuon Saran | D42: ប | E42: 24870 | F42: 1680300355 | G42: 012​ 752 553 | H42: 10000017902313 | I42: កំពង់ចាម | J42: ខ.២.៤ | K42: គ្រូឧទ្ទេស | L42: គណិតវិទ្យា | M42: មធ្យមសិក្សាទុតិយភូមិ | N42: វិទ្យាសាស្ត្រអប់រំ | O42: បរិញ្ញាបត្រជាន់ខ្ពស់ | R42: ថវិកាផ្ទាល់ខ្លួន | T42: បង្រៀន | U42: គណិតវិទ្យា
A43: 42 | B43: លី ស្រីពៅ | C43: Ly Sreypov | D43: ស | E43: 36745 | F43: 2000300183 | G43: 096​ 816 1466 | H43: 34830509782010 | I43: កំពង់ចាម | J43: ក.៣.៤ | K43: គ្រូឧទ្ទេស | L43: ព័ត៌មានវិទ្យា | M43: បរិញ្ញាបត្រ | N43: វិស្វកម្មព័ត៌មានវិទ្យា | O43: បរិញ្ញាបត្រជាន់់ខ្ពស់ | R43: ថវិកាផ្ទាល់ខ្លួន | T43: បង្រៀន | U43: ព័ត៌មានវិទ្យា
A44: 43 | B44: ធុយ សុភត្រ្តា | C44: Thuy Sopheaktra | D44: ប | E44: 36521 | F44: 1990300147 | G44: 088 ​913 0994 | H44: 34830509666212 | I44: កំពង់ចាម | J44: ក.៣.៤ | K44: គ្រូឧទ្ទេស | L44: គណិតវិទ្យា | M44: បរិញ្ញាបត្រ | N44: គណិតវិទ្យា | O44: បរិញ្ញាបត្រជាន់់ខ្ពស់ | R44: ថវិកាផ្ទាល់ខ្លួន | T44: បង្រៀន | U44: គណិតវិទ្យា
A45: 44 | B45: សេង ស៊ីម | C45: Seng Sim | D45: ប | E45: 9/25/1968 | F45: 1680300332 | G45: 012 989 336 | H45: 10000166252414 | I45: កំពង់ចាម | J45: ក.១.២ | K45: នាយក | L45: ទស្សនៈវិទ្យា | M45: បរិញ្ញាបត្រ | N45: ជំនាញគ្រប់គ្រង | O45: បរិញ្ញាបត្រជាន់ខ្ពស់ | R45: ថវិកាផ្ទាល់ខ្លួន | T45: នាយក
A46: 45 | B46: តាយ ណារិន | C46: Tay Narin | D46: ប | E46: 27181 | F46: 1740600213 | G46: 016 720 128 | H46: 10000166272010 | I46: កំពង់ចាម | J46: ក.១.៥ | K46: នាយករង | L46: គណិតវិទ្យា | M46: បរិញ្ញាបត្រ | N46: គណិតវិទ្យា | O46: បរិញ្ញាបត្រ | R46: ផ្ទាល់ខ្លួន | T46: នាយករង
A47: 46 | B47: អ៊ុំ កេងម៉េង | C47: Um Kengmeng | D47: ប | E47: 26094 | F47: 1710300275 | G47: 012 218 911 | H47: 10000041581212 | I47: កំពង់ចាម | J47: ក១.៤ | K47: នាយករង | L47: អក្សរសាស្ដ្រខ្មែរ | M47: បរិញ្ញាបត្រ | N47: គ្រប់គ្រងពាណិជ្ជកម្ម។ | O47: បរិញ្ញាបត្រជាន់ខ្ពស់ | R47: ថវិកាផ្ទាល់ខ្លួន | T47: នាយករង
A48: 47 | B48: ហ៊ាត៊់ ប៊ុនហឿង | C48: Hort Bunhoeurng | D48: ប | E48: 2/18/1980 | F48: 1800300530 | G48: 012 315 091 | H48: 10000166327717 | I48: កំពង់ចាម | J48: ក.១.៦ | K48: ប្រ.ការិ.រដ្ឋបាល | L48: កសិកម្ម | M48: បរិញ្ញាបត្រ | N48: គ្រប់គ្រងពាណិជ្ជកម្ម | O48: បរិញ្ញាបត្រជាន់ខ្ពស់ | R48: ថវិកាផ្ទាល់ខ្លួន | T48: ប្រ.ការិ.រដ្ឋបាល
A49: 48 | B49: ខុន គង់ | C49: Khon Kong | D49: ប | E49: 12/30/1975 | F49: 1750300438 | G49: 092 689 922 | H49: 10000166235515 | I49: កំពង់ចាម | J49: ក.១.៣ | K49: ប្រ.ការិ.សិក្សា | L49: អក្សរសាស្ដ្រខ្មែរ | M49: បរិញ្ញាបត្រ | N49: អក្សរសាស្រ្តខ្មែរ | O49: បរិញ្ញាបត្រ | R49: ផ្ទាល់ខ្លួន | T49: ប្រ.ការិ.សិក្សា
A50: 49 | B50: ហ៊ឹង សុខចាន់ | C50: Hoeung Sokchann | D50: ប | E50: 28895 | F50: 1790300234 | G50: 078 829 990 | H50: 10000094913313 | I50: កំពង់ចាម | J50: ក.១.៥ | K50: អនុប្រ.ការិ.សិក្សា | L50: រូបវិទ្យា | M50: បរិញ្ញាបត្រ | N50: រូបវិទ្យា | O50: បរិញ្ញាបត្រជាន់ខ្ពស់ | R50: គម្រោងរបស់អង្គការ | T50: អនុប្រ.ការិ.សិក្សា
A51: 50 | B51: អ៊ុក វណ្ណថាត | C51: Ouk Vanthat | D51: ស | E51: 24962 | F51: 2680300154 | G51: 076 999 3832 | H51: 10000022873515 | I51: កំពង់ចាម | J51: ក១.៣ | K51: អនុប្រ.ការិ.រដ្ឋបាល | L51: អក្សរសាស្ដ្រខ្មែរ | M51: បរិញ្ញាបត្រ | N51: វិទ្យាសាស្ត្រអប់រំ | O51: បរិញ្ញាបត្រជាន់ខ្ពស់ | R51: ផ្ទាល់ខ្លួន | T51: អនុប្រ.ការិ.រដ្ឋបាល
A52: 51 | B52: ឱ ភិរ៉ាណ | C52: Or Phiran | D52: ស | E52: 30111 | F52: 2820300049 | G52: 012 626 057 | H52: 10000023852312 | I52: កំពង់ចាម | J52: ខ.២.២ | K52: បណ្ណារក្ស | L52: ភាសាអង់គ្លេស | M52: ក្រោមបរិញ្ញាបត្រ | N52: ភាសាអង់គ្លេស សម្រាប់អាជីវកម្ម | O52: បរិញ្ញាបត្រជាន់ខ្ពស់ | R52: ផ្ទាល់ខ្លួន | T52: បណ្ណារក្ស
A53: 52 | B53: ចិន ផល្លា | C53: Chen Phalla | D53: ស | E53: 26300 | F53: 2720300109 | G53: 096 570 4177 | H53: 10000165425818 | I53: កំពង់ចាម | J53: ខ.២.១ | K53: បុគ្គ.សិក្សា | L53: អក្សរសាស្ដ្រខ្មែរ | M53: ក្រោមបរិញ្ញាបត្រ | N53: អក្សរសាស្ត្រខ្មែរ | O53: ក្រោមបរិញ្ញាបត្រ | R53: ផ្ទាល់ខ្លួន | T53: បុគ្គ.សិក្សា
A54: 53 | B54: យ៉េម រុំផា | C54: Yem Rompha | D54: ប | E54: 24233 | F54: 1660300189 | G54: 012 897 651 | H54: 10000165454111 | I54: កំពង់ចាម | J54: គ.៥ | K54: បុគ្គ.សិក្សា | L54: បឋម-កម្មករ | M54: ក្រោមបរិញ្ញាបត្រ | N54: គ្រូបឋម | O54: ក្រោមបរិញ្ញាបត្រ | R54: ផ្ទាល់ខ្លួន | T54: បុគ្គ.សិក្សា
A55: 54 | B55: កា ម៉ារុន | C55: Ka Marun | D55: ប | E55: 23743 | F55: 1650300131 | G55: 011 479 790 | H55: 10000117648121 | I55: កំពង់ចាម | J55: គ៥ | K55: បុគ្គ.សិក្សា | L55: បឋម-កម្មករ | M55: ក្រោមបរិញ្ញាបត្រ | N55: បឋម | O55: ក្រោមបរិញ្ញាបត្រ | R55: ផ្តាល់ខ្លន | T55: បុគ្គ.សិក្សា
A56: 55 | B56: ជូ សុផានី | C56: Chou Sophany | D56: ប | E56: 24898 | F56: 1680300331 | G56: 099 880 110 | H56: 10000166384717 | I56: កំពង់ចាម | J56: គ៤ | K56: បេឡា | L56: ផ្សេងទៀត | M56: ក្រោមបរិញ្ញាបត្រ | N56: គ្រូបង្រៀនកម្រិតបឋមសិក្សា | O56: ក្រោមបរិញ្ញាបត្រ | R56: រដ្ឋ | T56: បេឡា
A57: 56 | B57: ថោង ចាន់ថន | C57: Thong Chanthan | D57: ប | E57: 25544 | F57: 1690300355 | G57: 069 781 161 | H57: 10000166296414 | I57: កំពង់ចាម | J57: គ៤ | K57: បុគ្គ.រដ្ឋបាល | L57: ផ្សេងទៀត | M57: ក្រោមបរិញ្ញាបត្រ | N57: គ្រូបង្រៀនកម្រិតបឋមសិក្សា | O57: ក្រោមបរិញ្ញាបត្រ | R57: រដ្ឋ | T57: បុគ្គ.រដ្ឋបាល
A58: 57 | B58: ឡាង គឹមសេង | C58: Lang Kimseng | D58: ស | E58: 24754 | F58: 2670300101 | H58: 10000165430919 | I58: កំពង់ចាម | J58: គ.៥ | K58: ភ្នាក់ងាររដ្ឋបាល | L58: បឋម-កម្មករ | M58: ក្រោមបរិញ្ញាបត្រ | N58: បឋម | O58: ក្រោមបរិញ្ញាបត្រ | R58: ផ្តាល់ខ្លន | T58: ភ្នាក់ងាររដ្ឋបាល
A59: 58 | B59: ហេង សីហា | C59: Heng Seiha | D59: ប | E59: 7/15/1982 | F59: 1820300233 | G59: 092 402 727 | H59: 10000166393414 | I59: កំពង់ចាម | J59: ក.១.៥ | K59: គណិតវិទ្យា | L59: គណិតវិទ្យា | M59: ក្រោមបរិញ្ញាបត្រ | N59: គណិតវិទ្យា | O59: បរិញ្ញាបត្រជាន់ខ្ពស់ | R59: ថវិកាផ្ទាល់ខ្លួន | T59: គណិតវិទ្យា
A60: 59 | B60: សេង សុវ៉ាត | C60: Seng Sovath | D60: ស | E60: 12/27/1987 | F60: 2870300243 | G60: 012 438 428 | H60: 10000130090111 | I60: កំពង់ចាម | J60: ក.២.២ | K60: គណិតវិទ្យា | L60: គណិតវិទ្យា | M60: បរិញ្ញាបត្រ | N60: គណិតវិទ្យា​ | O60: បរិញ្ញាបត្រជាន់ខ្ពស់ | R60: ថវិការផ្ទាល់ខ្លួន | T60: គណិតវិទ្យា
A61: 60 | B61: គុំ រំដោះ | C61: Kum Romdoh | D61: ប | E61: 32690 | F61: 1890700240 | G61: 017 887 400 | H61: 14000104842612 | I61: កំពង់ចាម | J61: ក.២.៣ | K61: គណិតវិទ្យា | L61: គណិតវិទ្យា | M61: បរិញ្ញាបត្រជាន់ខ្ពស់ | N61: គណិតវិទ្យា | O61: បរិញ្ញាបត្រជាន់ខ្ពស់ | R61: CIMPA | T61: គណិតវិទ្យា
A62: 61 | B62: លី ពិសិដ្ឋ | C62: Ly Piseth | D62: ប | E62: 10/16/1983 | F62: 1830300209 | G62: 012 764 206 | H62: 10000099720919 | I62: កំពង់ចាម | J62: ក.១.៦ | K62: រូបវិទ្យា | L62: រូបវិទ្យា | M62: បរិញ្ញាបត្រ | N62: វិទ្យាសាស្ត្រ​រូបវិទ្យា​ | O62: បរិញ្ញាបត្រជាន់ខ្ពស់ | R62: ថវិកា​ផ្ទាល់​ខ្លួន​ | T62: រូបវិទ្យា
A63: 62 | B63: គីន ស្រីឡែន | C63: Kin Sreylen | D63: ស | E63: 3/20/1993 | F63: 2930300439 | G63: 011 740 192 | H63: 10000360049918 | I63: កំពង់ចាម | J63: ក.៣.៣ | K63: រូបវិទ្យា | L63: រូបវិទ្យា | M63: បរិញ្ញាបត្រ | N63: រូបវិទ្យា | O63: បរិញ្ញាបត្រ | R63: ថវិកាផ្ទាល់ខ្លួន | T63: រូបវិទ្យា
A64: 63 | B64: ហេង សុផានិត | C64: Heng Sophanit | D64: ស | E64: 4/23/1987 | F64: 2870300253 | G64: 017 659 547 | H64: 10000166291111 | I64: កំពង់ចាម | J64: ក.2.3 | K64: គីមីវិទ្យា | L64: គីមីវិទ្យា | M64: បរិញ្ញាបត្រ | N64: គីមីវិទ្យា | O64: បរិញ្ញាបត្រ | R64: ថវិកាផ្ទាល់ខ្លួន | T64: គីមីវិទ្យា
A65: 64 | B65: អ៊ាង វិបុល | C65: Eang Vibol | D65: ប | E65: 31017 | F65: 1840300188 | G65: 012 430 024 | H65: 10000032372818 | I65: កំពង់ចាម | J65: ក.១.៥ | K65: ជីវវិទ្យា | L65: ជីវវិទ្យា | M65: បរិញ្ញាបត្រ | N65: ជីវវិទ្យា | O65: បរិញ្ញាបត្រជាន់ខ្ពស់ | R65: ថវិកាផ្ទាល់ខ្លួន | T65: ជីវវិទ្យា
A66: 65 | B66: ហេង ណាលីន | C66: Heng Nalin | D66: ស | E66: 29684 | F66: 2810300213 | G66: 011 992 233 | H66: 10000031150313 | I66: កំពង់ចាម | J66: ក.១.៥ | K66: ផែនដីវិទ្យា | L66: ជីវវិទ្យា | M66: បរិញ្ញាបត្រ | N66: ជីវវិទ្យា | O66: បរិញ្ញាបត្រជាន់ខ្ពស់ | R66: ថវិកាផ្ទាល់ខ្លួន | T66: ផែនដីវិទ្យា
A67: 66 | B67: រុន វួចនា | C67: Run Vouchnea | D67: ស | E67: 32417 | F67: 2880300262 | G67: 017 650 480 | H67: 10000140194424 | I67: កំពង់ចាម | J67: ក.២.២ | K67: ប្រវត្តិវិទ្យា | L67: ប្រវត្តិវិទ្យា | M67: បរិញ្ញាបត្រ | N67: ប្រវត្តិវិទ្យា | O67: បរិញ្ញាបត្រជាន់ខ្ពស់ | R67: ថវិការផ្ទាល់ខ្លួន | T67: ប្រវត្តិវិទ្យា
A68: 67 | B68: ឡុង សុវ៉ាង | C68: Long Sovang | D68: ប | E68: 29253 | F68: 1800300408 | G68: 095 993 167 | H68: 10000038375010 | I68: កំពង់ចាម | J68: ក.១.៥ | K68: ស្តង់ដារវិជ្ជាជីវៈគ្រូបង្រៀន | L68: សេដ្ឋកិច្ច ភូមិវិទ្យា | M68: បរិញ្ញាបត្រ+១ | N68: គ្រប់គ្រងបច្ចេកវិទ្យានវានុវត្តន៍ | O68: បណ្ឌិត | R68: ជំនួយតាមរយៈសាកលវិទ្យាល័យ | T68: ស្តង់ដារវិជ្ជាជីវៈគ្រូបង្រៀន
A69: 68 | B69: ជឹម ជានី | C69: Chim Cheany | D69: ប | E69: 30503 | F69: 1830300210 | G69: 012 322 701 | H69: 10000033478414 | I69: កំពង់ចាម | J69: ក.២.១ | K69: ភូមិវិទ្យា | L69: សេដ្ឋកិច្ច គ្រប់គ្រង | M69: បរិញ្ញាបត្រ | N69: គ្រប់គ្រងការអភិវឌ្ឍន៏ | O69: បរិញ្ញាបត្រជាន់ខ្ពស់ | T69: ភូមិវិទ្យា
A70: 69 | B70: ថូយ ម៉ុងស្រេង | C70: Thoy Mongsreng | D70: ប | E70: 5/14/1987 | F70: 1870300227 | G70: 078 936 167 | H70: 10000031000515 | I70: កំពង់ចាម | J70: ក.៣.១ | K70: ភូមិវិទ្យា | L70: ភូមិវិទ្យា | M70: បរិញ្ញាបត្រ | N70: វិទ្យាសាស្ត្រអប់រំ​ Curriculum and Instruction | O70: បរិញ្ញាបត្រជាន់ខ្ពស់ | R70: ជំនួយអាហារូបករណ៍ពី UNECEF | T70: ភូមិវិទ្យា
A71: 70 | B71: នាង វឿន | C71: Neang Voeurn | D71: ប | E71: 10/25/1973 | F71: 1730300800 | G71: 012 202 987 | H71: 10000113864424 | I71: កំពង់ចាម | J71: ក.១.៣ | K71: អក្សរសាស្ត្រខ្មែរ | L71: អក្សរសាស្ដ្រខ្មែរ | M71: បរិញ្ញាបត្រ | N71: អក្សរសាស្ត្រខ្មែរ | O71: បរិញ្ញាបត្រជាន់ខ្ពស់ | R71: ថវិកាផ្ទាល់ខ្លួន | T71: អក្សរសាស្ត្រខ្មែរ
A72: 71 | B72: ឡៃ ចិន្ដា | C72: Lay Chinda | D72: ស | E72: 9/16/1989 | F72: 2890300162 | G72: 010 395 278 | H72: 10000166309515 | I72: កំពង់ចាម | J72: ក.​២.២ | K72: អក្សរសាស្ត្រខ្មែរ | L72: អក្សរសាស្ដ្រខ្មែរ | M72: បរិញ្ញាបត្រ | N72: ភាសាវិទ្យា | O72: បរិញ្ញាបត្រជាន់ខ្ពស់ | R72: ថវិកាផ្ទាល់ខ្លួន | T72: អក្សរសាស្ត្រខ្មែរ
A73: 72 | B73: វន និមល | C73: Vorn Nimol | D73: ស | E73: 29952 | F73: 2820800126 | G73: 012 270 266 | H73: 10000294981516 | I73: កំពង់ចាម | J73: ក.២.២ | K73: វប្បធម៌ទូទៅ | L73: អក្សរសាស្ដ្រខ្មែរ | M73: បរិញ្ញាបត្រជាន់ខ្ពស់ | N73: ភាសាវិទ្យា | O73: បរិញ្ញាបត្រជាន់ខ្ពស់ | R73: ថវិកាផ្ទាល់ខ្លួន | T73: វប្បធម៌ទូទៅ
A74: 73 | B74: គំ ម៉េងហួ | C74: Kum Menghour | D74: ប | E74: 24900 | F74: 1680300330 | G74: 017 627 545 | H74: 10000067209414 | I74: កំពង់ចាម | J74: ក1.3 | K74: សីលធម៌-ពលរដ្ឋ | L74: ទស្សនៈវិទ្យា | M74: បរិញ្ញាបត្រ | N74: វិទ្យាសាស្រ្តអប់រំ | O74: បរិញ្ញាបត្រជាន់ខ្ពស់ | R74: ផ្ទាល់ខ្លួន | T74: សីលធម៌-ពលរដ្ឋ
A75: 74 | B75: នីម ស៊ាងឡៃ | C75: Nim Seanglai | D75: ស | E75: 33886 | F75: 2920300428 | G75: 088 420 0517 | H75: 10000360055910 | I75: កំពង់ចាម | J75: ក.៣.៣ | K75: សីលធម៌-ពលរដ្ឋ | L75: ទស្សនៈវិទ្យា | M75: បរិញ្ញាបត្រ | N75: សីលធម៌ពលរដ្ឋវិជ្ជា | O75: បរិញ្ញាបត្រ | R75: ថវិកាផ្ទាល់ខ្លួន | T75: សីលធម៌-ពលរដ្ឋ
A76: 75 | B76: កែម ចាន់ធាង | C76: Kem Channtheang | D76: ស | E76: 32113 | F76: 2870600141 | G76: 089 544 911 | H76: 10000165482919 | I76: កំពង់ចាម | J76: ក.២.២ | K76: ទប់ស្កាត់-ជួញដូ | L76: កសិកម្ម | M76: បរិញ្ញាបត្រ | N76: វិទ្យាសាស្ត្រអប់រំ | O76: បរិញ្ញាបត្រជាន់ខ្ពស់ | R76: ថវិការផ្ទាល់ខ្លួន | T76: ទប់ស្កាត់-ជួញដូ
A77: 76 | B77: លី ភីរិទ្ធ | C77: Ly Phyrith | D77: ប | E77: 24663 | F77: 1670300249 | G77: 011 779 750 | H77: 10000017463919 | I77: កំពង់ចាម | J77: ក.១.៣ | K77: អង់គ្លេស | L77: ភាសាអង់គ្លេស | M77: បរិញ្ញាបត្រ | N77: គ្រប់គ្រងពាណិជ្ជកម្ម | O77: បរិញ្ញាបត្រជាន់ខ្ពស់ | R77: ក្រសួងអប់រំយុវជន និងកីឡា | T77: អង់គ្លេស
A78: 77 | B78: ទុំ ស៊ីសុភារ៉េត | C78: Tum Sisopheareth | D78: ស | E78: 27677 | F78: 2750300112 | G78: 012 774 020 | H78: 10000057371919 | I78: កំពង់ចាម | J78: ក​២៣ | K78: អង់គ្លេស | L78: ភាសាអង់គ្លេស | M78: បរិញ្ញាបត្រ | N78: Educational Leadership of Management (Mgt) | O78: បរិញ្ញាបត្រជាន់ខ្ពស់ | R78: Australian Government Scholarship (ADS) | T78: អង់គ្លេស
A79: 78 | B79: ហ៊ុល ពិសិដ្ឋ | C79: Hull Piseth | D79: ប | E79: 10/15/1984 | F79: 1840300118 | G79: 092 382 838 | H79: 10000165486818 | I79: កំពង់ចាម | J79: ក.២.១ | K79: បន្តការសិក្សា​ហុងគ្រី | L79: ភាសាអង់គ្លេស | M79: បរិញ្ញាបត្រ | N79: វិទ្យាសាស្រ្តអប់រំ | O79: បរិញ្ញាបត្រជាន់ខ្ពស់ | R79: រដ្ឋ | T79: បន្តការសិក្សា​ហុងគ្រី
A80: 79 | B80: ភួង ច័ន្ទលាភី | C80: Phuong Chanleaphy | D80: ស | E80: 29282 | F80: 2800300262 | G80: 089 881 846 | H80: 10000018693010 | I80: កំពង់ចាម | J80: ក​.២.២ | K80: អង់គ្លេស | L80: ភាសាអង់គ្លេស | M80: បរិញ្ញាបត្រ | N80: project management and rural development | O80: បរិញ្ញាបត្រជាន់ខ្ពស់ | R80: ថវិកាផ្ទាល់ខ្លួន | T80: អង់គ្លេស
A81: 80 | B81: យ៉ុង គឹមយី | C81: Yong Kimyi | D81: ប | E81: 2/27/1984 | F81: 1840600176 | G81: 092 777 221 | H81: 10000063170111 | I81: កំពង់ចាម | J81: ក.២.៣ | K81: អង់គ្លេស | L81: ភាសាអង់គ្លេស | M81: បរិញ្ញាបត្រ | N81: ការបង្រៀនភាសាអង់គ្លេសជាភាសាទី TESOL | O81: បរិញ្ញាបត្រជាន់ខ្ពស់ | R81: ផ្ទាល់ខ្លួន | T81: អង់គ្លេស
A82: 81 | B82: ជា សោភ័ណ្ឌសារៈ | C82: Chea Sophansarak | D82: ប | E82: 30233 | F82: 1820300058 | G82: 092 605 484 | H82: 10000063829010 | I82: កំពង់ចាម | J82: ក.២.៣ | K82: អង់គ្លេស | L82: ភាសាអង់គ្លេស | M82: បរិញ្ញាបត្រ | N82: ភាសាអង់គ្លេស | O82: បរិញ្ញាបត្រជាន់ខ្ពស់ | R82: ថវិកាផ្ទាល់ខ្លួន | T82: អង់គ្លេស
A83: 82 | B83: ហេង សុខា | C83: Heng Sokha | D83: ប | E83: 25996 | F83: 1710300321 | G83: 077 510 721 | H83: 10000059384626 | I83: កំពង់ចាម | J83: ខ.១.៦ | K83: អង់គ្លេស | L83: រូបវិទ្យា | M83: ក្រោមបរិញ្ញាបត្រ | N83: វិទ្យាសាស្រ្តអប់រំ | O83: បរិញ្ញាបត្រជាន់ខ្ពស់ | R83: ថវិកាផ្ទាល់ខ្លួន | T83: អង់គ្លេស
A84: 83 | B84: យួក សុខឃឿន | C84: Yourk Sokhoeurn | D84: ប | E84: 30295 | F84: 1820300041 | G84: 012 305 156 | H84: 34470169073215 | I84: កំពង់ចាម | J84: ខ.២.២ | K84: អង់គ្លេស | L84: ភាសាអង់គ្លេស | M84: ក្រោមបរិញ្ញាបត្រ | N84: អក្សរសាស្រ្ដអង់គ្លេស | O84: បរិញ្ញាបត្រជាន់ខ្ពស់ | R84: ថវិការផ្ទាល់ខ្លួន | T84: អង់គ្លេស
A85: 84 | B85: នី រដ្ឋា | C85: Ny Ratha | D85: ស | E85: 1/20/1982 | F85: 2820300165 | G85: 012 214 128 | H85: 10000166543616 | I85: កំពង់ចាម | J85: ខ.២.៣ | K85: អង់គ្លេស | L85: ភាសាអង់គ្លេស | M85: ក្រោមបរិញ្ញាបត្រ | N85: កម្មវិធីសិក្សា និងការបង្រៀន (Curriculum and Instruction) | O85: បរិញ្ញាបត្រជាន់ខ្ពស់ | R85: UNICEF (CDPF) Phase3 | T85: អង់គ្លេស
A86: 85 | B86: កែម បូរី | C86: Kem Borey | D86: ប | E86: 31962 | F86: 1872100269 | G86: 088 666 6584 | H86: 10000110523535 | I86: កំពង់ចាម | J86: ក.២.៣ | K86: ចិត្ត-គរុកោសល្យ | L86: ចិត្តគរុកោសល្យ | M86: បរិញ្ញាបត្រ | N86: រដ្ឋបាលសាធារណៈ | O86: បរិញ្ញាបត្រជាន់ខ្ពស់ | R86: ថវិកាផ្ទាល់ខ្លួន | T86: ចិត្ត-គរុកោសល្យ
A87: 86 | B87: ពៅ សុផល | C87: Poeu Sophal | D87: ប | E87: 7/16/1982 | F87: 1821000140 | G87: 012 642 528 | H87: 10000061908010 | I87: កំពង់ចាម | J87: ក.២.៣ | K87: បន្តការសិក្សា | L87: វិទ្យាសាស្ដ្រអប់រំ | M87: បរិញ្ញាបត្រ | N87: កម្មវិធីសិក្សានិង វិធីសាស្ត្របង្រៀន | O87: បរិញ្ញាបត្រជាន់ខ្ពស់ | R87: UNICEF | T87: បន្តការសិក្សា
A88: 87 | B88: ឈុន មួយលី | C88: Choun Mouyly | D88: ស | E88: 25883 | F88: 2702100269 | G88: 077 499 776 | H88: 10000089161414 | I88: កំពង់ចាម | J88: ក.១.3 | K88: ចិត្ត-គរុកោសល្យ | L88: ចិត្តគរុកោសល្យ | M88: បរិញ្ញាបត្រ | N88: វីទ្យាសាស្រ្តអប់រំ | O88: បរិញ្ញាបត្រជាន់ខ្ពស់ | R88: ផ្ទាល់ខ្លួន | T88: ចិត្ត-គរុកោសល្យ
A89: 88 | B89: ហូយ ធារី | C89: Hoy Theary | D89: ប | E89: 6/16/1986 | F89: 1860300387 | G89: 017 687 802 | H89: 10000194042229 | I89: កំពង់ចាម | J89: ក.៣.១ | K89: ចិត្ត-គរុកោសល្យ | L89: ចិត្តគរុកោសល្យ | M89: បរិញ្ញាបត្រ | N89: កម្មវិធីសិក្សានិងវិធីសាស្ត្របង្រៀន | O89: បរិញ្ញាបត្រជាន់ខ្ពស់ | R89: មូលនិធិភាពជាដៃគូសម្រាប់អភិវឌ្ឍសមត្ថភាពវិស័អប់រំ | T89: ចិត្ត-គរុកោសល្យ
A90: 89 | B90: បោង អេងឡាង | C90: Borng Englang | D90: ស | E90: 33301 | F90: 2910300320 | G90: 096 285 9414 | H90: 10000250881410 | I90: កំពង់ចាម | J90: ក.៣.២ | K90: ចិត្ត-គរុកោសល្យ | L90: ចិត្តគរុកោសល្យ | M90: បរិញ្ញាបត្រ | N90: គ្រប់គ្រងអប់រំ | O90: បរិញ្ញាបត្រជាន់ខ្ពស់ | R90: ថវិការផ្ទាល់ខ្លួន | T90: ចិត្ត-គរុកោសល្យ
A91: 90 | B91: ឈុំ លាង | C91: Chhom Leang | D91: ប | E91: 33787 | F91: 1920300331 | G91: 010 365 233 | H91: 10000134394318 | I91: កំពង់ចាម | J91: ក.៣.៣ | K91: បន្តការសិក្សានៅកូរ៉េ | L91: ICT | M91: បរិញ្ញាបត្រ | N91: បរិញ្ញាបត្រជាន់ខ្ពស់អប់រំ | O91: បរិញ្ញាបត្រជាន់ខ្ពស់ | R91: KOICA | T91: បន្តការសិក្សានៅកូរ៉េ
A92: 91 | B92: ខាត់ ស្រីឡូត | C92: Khat Sreylot | D92: ស | E92: 3/27/1984 | F92: 2840300235 | G92: 012 404 841 | H92: 10000166365414 | I92: កំពង់ចាម | J92: ក.២.៣ | K92: កសិកម្ម | L92: កសិកម្ម | M92: បរិញ្ញាបត្រ | N92: កសិកម្ម | O92: បរិញ្ញាបត្រ | R92: ផ្ទាល់ខ្លួន | T92: កសិកម្ម
A93: 92 | B93: ហេង ខេង | C93: Heng Kheng | D93: ប | E93: 24841 | F93: 1680300327 | G93: 097 999 2928 | H93: 10000165439313 | I93: កំពង់ចាម | J93: ខ.២.១ | K93: បរិស្ថាន | L93: កសិកម្ម | M93: ក្រោមបរិញ្ញាបត្រ | N93: កសិកម្ | O93: ក្រោមបរិញ្ញាបត្រ | R93: Jica | T93: បរិស្ថាន
A94: 93 | B94: ទូច ប៊ុនឈីម | C94: Touch Bunchhim | D94: ប | E94: 29862 | F94: 1811400192 | G94: 015 529 398 | H94: 34540159643119 | I94: កំពង់ចាម | J94: ក.២.៤ | K94: កុំព្យូទ័រ | L94: កសិកម្ម | M94: បរិញ្ញាបត្រ | N94: ភាសាអង់គេ្លស | O94: បរិញ្ញាបត្រ | R94: ផ្ទាល់ខ្លួន | T94: កុំព្យូទ័រ
A95: 94 | B95: ទេព បុណ្ណមី | C95: Tep Ponnamey | D95: ប | E95: 26947 | F95: 1730500353 | G95: 016 459 757 | H95: 10000166286919 | I95: កំពង់ចាម | J95: ក.១.៦ | K95: សិល្បះ | L95: គំនូរ សូន្យរូប | M95: បរិញ្ញាបត្រ | N95: គ្រប់គ្រងសាលារៀន(LUP) | O95: បរិញ្ញាបត្រជាន់ខ្ពស់ | R95: ធនាគារពិភពលោក | T95: សិល្បះ
A96: 95 | B96: ប៊ិន ឈឿន | C96: Bin Chhoeurn | D96: ប | E96: 24537 | F96: 1670800495 | G96: 012 937 579 | H96: 10000166266212 | I96: កំពង់ចាម | J96: ខ.២.៤ | K96: រោងជាង | L96: ផ្សេងទៀត | M96: ក្រោមបរិញ្ញាបត្រ | N96: ប្រវត្តិវិទ្យា-ភូមិវិទ្យា | O96: ក្រោមបរិញ្ញាបត្រ | R96: រដ្ឋ | T96: រោងជាង
A97: 96 | B97: ឆន ពិសិទ្ធ | C97: Chhorn Pisith | D97: ប | E97: 33848 | F97: 1920300193 | G97: 010 425 656 | H97: 38020250817218 | I97: កំពង់ចាម | J97: ក.៣.១ | K97: រោងជាង | L97: សេដ្ឋកិច្ច គ្រប់គ្រង | M97: បរិញ្ញាបត្រ | N97: កម្មវិធីសិក្សា និងវិធីសាស្ត្រ | O97: បរិញ្ញាបត្រជាន់ខ្ពស់ | R97: UNICEF | T97: រោងជាង
A98: 97 | B98: ស៊ាន វាសនា | C98: Sean Veasna | D98: ស | E98: 34254 | F98: 2930300307 | G98: 096 594 3920 | H98: 34110251260918 | I98: កំពង់ចាម | J98: ក.៣.៣ | K98: រោងជាង | L98: ភាសាអង់គ្លេស | M98: បរិញ្ញាបត្រ | N98: កម្មវិធីសិក្សានិងវិធីសាស្ត្របង្រៀន | O98: បរិញ្ញាបត្រជាន់ខ្ពស់ | R98: UNICEF | T98: រោងជាង
A99: 98 | B99: ម៉ៅ កុសល | C99: Mao Kosal | D99: ប | E99: 32971 | F99: 1900300145 | G99: 097 922 7898 | H99: 34490170859616 | I99: កំពង់ចាម | J99: ក៣.២ | K99: រោងជាង | L99: ភាសាអង់គ្លេស | M99: បរិញ្ញាបត្រ | N99: កម្មវិធីសិក្សា និង វិធីសាស្ត្របង្រៀន | O99: បរិញ្ញាបត្រជាន់ខ្ពស់ | R99: ថរិកា របស់ UNICEF | T99: រោងជាង
A100: 99 | B100: នី រមនា | C100: Ny Rumnea | D100: ស | E100: 32969 | F100: 2900300246 | G100: 086 606 996 | H100: 34620171176717 | I100: កំពង់ចាម | J100: ក.២.៤ | K100: រោងជាង | L100: គីមីវិទ្យា | M100: បរិញ្ញាបត្រ | N100: កម្មវិធីសិក្សានិងវិធីសាស្រ្តបង្រៀន | O100: បរិញ្ញាបត្រជាន់ខ្ពស់ | R100: Unicef | T100: រោងជាង
...
